timestamp,market_id,regime,source_family,resolver,resolver_confidence,seconds_to_resolution,volume,yes_best_bid,yes_best_ask,no_best_bid,no_best_ask,yes_mid,no_mid,yes_spread_bps,no_spread_bps,yes_microprice,no_microprice,yes_imbalance,no_imbalance,yes_no_sum,dislocation,sequence,active_signal_family
1774732630.596,1739838,stressed,sports,official_sports_feed,0.6,12708.78425002098,3486100.2987079932,0.28,0.29,0.0,0.0,0.28500000000000003,0.0,350.87719298245446,0.0,0.28572205167221265,0.0,-0.6033258939705247,0.0,0.28500000000000003,0.0,0,none
1774732628.12,1753632,one_sided,sports,official_sports_feed,0.6,85668.58284592628,248227.06567600043,0.33,0.34,0.0,0.0,0.335,0.0,298.5074626865674,0.0,0.33995810609292626,0.0,0.9743577437258599,0.0,0.335,0.0,0,none
1774732630.89,1682614,calm,sports,official_sports_feed,0.6,768.4062218666077,2423185.691262,0.54,0.55,0.0,0.0,0.545,0.0,183.48623853211024,0.0,0.5493816632292232,0.0,0.5893140910031198,0.0,0.545,0.0,0,none
1774732628.124,1750517,one_sided,sports,official_sports_feed,0.6,768.2283537387848,161265.1406959997,0.39,0.4,0.0,0.0,0.395,0.0,253.16455696202553,0.0,0.39003604311290074,0.0,-0.9649384593906046,0.0,0.395,0.0,0,none
1774732618.558,1749870,one_sided,sports,official_sports_feed,0.6,768.050133228302,82896.06335000003,0.43,0.44,0.0,0.0,0.435,0.0,229.88505747126456,0.0,0.430028841087194,0.0,-0.9678543831766266,0.0,0.435,0.0,0,none
1774732630.467,1476618,one_sided,sports,official_sports_feed,0.6,9767.887564182281,433350.0827469991,0.45,0.46,0.0,0.0,0.455,0.0,219.78021978021997,0.0,0.45893511426688705,0.0,0.6608292814161183,0.0,0.455,0.0,0,none
1774732629.224,1739839,calm,sports,official_sports_feed,0.6,3107.7225008010864,5884658.278568992,0.75,0.76,0.0,0.0,0.755,0.0,132.45033112582794,0.0,0.759695199181434,0.0,0.12134866382675964,0.0,0.755,0.0,0,none
1774732631.962,1753593,stressed,sports,official_sports_feed,0.6,67367.49687862396,443884.4970900001,0.24,0.25,0.0,0.0,0.245,0.0,408.1632653061228,0.0,0.24945900270512436,0.0,0.7699785664970537,0.0,0.245,0.0,0,none
1774732632.136,658931,stressed,general,manual_review_required,0.2,528167.2778077126,1064488.5965089907,0.23,0.24,0.0,0.0,0.235,0.0,425.53191489361626,0.0,0.23007372240566779,0.0,0.8754589876877895,0.0,0.235,0.0,0,none
1774732627.402,1507751,stressed,politics,official_election_reporting,0.55,2774567.126818657,12264803.396659158,0.06,0.07,0.0,0.0,0.065,0.0,1538.4615384615397,0.0,0.06281149020591224,0.0,0.5721302271857159,0.0,0.065,0.0,0,none
1774732632.246,566188,stressed,general,manual_review_required,0.2,5107366.972953558,9683351.784599973,0.11,0.12,0.0,0.0,0.11499999999999999,0.0,869.565217391304,0.0,0.11953059493914425,0.0,0.17747589019478885,0.0,0.11499999999999999,0.0,0,none
1774732611.047,566187,calm,general,manual_review_required,0.2,5107366.823640108,8174002.215825508,0.88,0.89,0.0,0.0,0.885,0.0,112.99435028248598,0.0,0.8800030898613415,0.0,-0.07268500127553838,0.0,0.885,0.0,0,none
1774732616.539,566137,stressed,general,manual_review_required,0.2,5452966.679630518,3190162.2267860086,0.07,0.08,0.0,0.0,0.07500000000000001,0.0,1333.3333333333326,0.0,0.07352213139684999,0.0,0.032118020342503564,0.0,0.07500000000000001,0.0,0,none
1774732677.903,1739838,stressed,sports,official_sports_feed,0.6,12661.944065332413,3486100.2987079932,0.28,0.29,0.0,0.0,0.28500000000000003,0.0,350.87719298245446,0.0,0.28574593330855014,0.0,-0.6027713261710747,0.0,0.28500000000000003,0.0,0,none
1774732676.493,1753632,one_sided,sports,official_sports_feed,0.6,85621.8283071518,248227.06567600043,0.33,0.34,0.0,0.0,0.335,0.0,298.5074626865674,0.0,0.33995820236192786,0.0,0.9744118368902899,0.0,0.335,0.0,0,none
1774732675.644,1682614,calm,sports,official_sports_feed,0.6,721.7032070159912,2423185.691262,0.54,0.55,0.0,0.0,0.545,0.0,183.48623853211024,0.0,0.5492494887609051,0.0,0.5818993281226518,0.0,0.545,0.0,0,none
1774732677.622,1750517,one_sided,sports,official_sports_feed,0.6,721.55122590065,161265.1406959997,0.39,0.4,0.0,0.0,0.395,0.0,253.16455696202553,0.0,0.39003604311290074,0.0,-0.9659261189234376,0.0,0.395,0.0,0,none
1774732678.54,1749870,one_sided,sports,official_sports_feed,0.6,721.4359803199768,82896.06335000003,0.43,0.44,0.0,0.0,0.435,0.0,229.88505747126456,0.0,0.4300288313499241,0.0,-0.9678514720366335,0.0,0.435,0.0,0,none
1774732673.146,1476618,one_sided,sports,official_sports_feed,0.6,9721.30296421051,433350.0827469991,0.45,0.46,0.0,0.0,0.455,0.0,219.78021978021997,0.0,0.4588874895171193,0.0,0.6597646797888324,0.0,0.455,0.0,0,none
1774732678.413,1739839,calm,sports,official_sports_feed,0.6,3061.1859254837036,5884658.278568992,0.75,0.76,0.0,0.0,0.755,0.0,132.45033112582794,0.0,0.7596849267837132,0.0,0.12058205302258776,0.0,0.755,0.0,0,none
1774732678.838,1753593,stressed,sports,official_sports_feed,0.6,67321.07335639,443884.4970900001,0.24,0.25,0.0,0.0,0.245,0.0,408.1632653061228,0.0,0.24945902763946898,0.0,0.7699868149828822,0.0,0.245,0.0,0,none
1774732678.795,658931,stressed,general,manual_review_required,0.2,528120.9492123127,1064488.5965089907,0.23,0.24,0.0,0.0,0.235,0.0,425.53191489361626,0.0,0.23007372240566779,0.0,0.8647391988802121,0.0,0.235,0.0,0,none
1774732678.765,1507751,stressed,politics,official_election_reporting,0.55,2774520.8102464676,12264803.396659158,0.06,0.07,0.0,0.0,0.065,0.0,1538.4615384615397,0.0,0.06281019619499544,0.0,0.5698989830070085,0.0,0.065,0.0,0,none
1774732673.013,566188,stressed,general,manual_review_required,0.2,5107320.67743206,9683351.784599973,0.11,0.12,0.0,0.0,0.11499999999999999,0.0,869.565217391304,0.0,0.119531516737503,0.0,0.17747512228698095,0.0,0.11499999999999999,0.0,0,none
1774732676.456,566187,calm,general,manual_review_required,0.2,5107320.558202028,8174002.215825508,0.88,0.89,0.0,0.0,0.885,0.0,112.99435028248598,0.0,0.8800030898613415,0.0,-0.07268045559448306,0.0,0.885,0.0,0,none
1774732677.0,566137,stressed,general,manual_review_required,0.2,5452920.437077522,3190162.2267860086,0.07,0.08,0.0,0.0,0.07500000000000001,0.0,1333.3333333333326,0.0,0.07352213139684999,0.0,0.03227601156192801,0.0,0.07500000000000001,0.0,0,none
1774732700.725,1739838,stressed,sports,official_sports_feed,0.6,12638.94062781334,3486100.2987079932,0.28,0.29,0.0,0.0,0.28500000000000003,0.0,350.87719298245446,0.0,0.2857460400098934,0.0,-0.6027678908038314,0.0,0.28500000000000003,0.0,0,none
1774732699.994,1753632,one_sided,sports,official_sports_feed,0.6,85598.7760374546,248227.06567600043,0.33,0.34,0.0,0.0,0.335,0.0,298.5074626865674,0.0,0.33995820236192786,0.0,0.9744118368902899,0.0,0.335,0.0,0,none
1774732700.907,1682614,calm,sports,official_sports_feed,0.6,698.6149201393127,2423185.691262,0.54,0.55,0.0,0.0,0.545,0.0,183.48623853211024,0.0,0.5492552239864948,0.0,0.5821920868932593,0.0,0.545,0.0,0,none
1774732701.0,1750517,one_sided,sports,official_sports_feed,0.6,698.4558749198914,161265.1406959997,0.39,0.4,0.0,0.0,0.395,0.0,253.16455696202553,0.0,0.39003604311290074,0.0,-0.9647111663660707,0.0,0.395,0.0,0,none
1774732701.071,1749870,one_sided,sports,official_sports_feed,0.6,698.3300929069519,82896.06335000003,0.43,0.44,0.0,0.0,0.435,0.0,229.88505747126456,0.0,0.43002878243119425,0.0,-0.9678511155890873,0.0,0.435,0.0,0,none
1774732701.001,1476618,one_sided,sports,official_sports_feed,0.6,9698.173741102219,433350.0827469991,0.45,0.46,0.0,0.0,0.455,0.0,219.78021978021997,0.0,0.45888507386353056,0.0,0.6600186891147556,0.0,0.455,0.0,0,none
1774732696.982,1739839,calm,sports,official_sports_feed,0.6,3038.0231754779816,5884658.278568992,0.75,0.76,0.0,0.0,0.755,0.0,132.45033112582794,0.0,0.7596856156310373,0.0,0.12081252009265345,0.0,0.755,0.0,0,none
1774732700.162,1753593,stressed,sports,official_sports_feed,0.6,67297.86989474297,443884.4970900001,0.24,0.25,0.0,0.0,0.245,0.0,408.1632653061228,0.0,0.24945999093746826,0.0,0.77036629579621,0.0,0.245,0.0,0,none
1774732700.407,658931,stressed,general,manual_review_required,0.2,528097.7290799618,1064488.5965089907,0.23,0.24,0.0,0.0,0.235,0.0,425.53191489361626,0.0,0.23007378413283439,0.0,0.8646173903933626,0.0,0.235,0.0,0,none
1774732691.391,1507751,stressed,politics,official_election_reporting,0.55,2774497.5723056793,12264803.396659158,0.06,0.07,0.0,0.0,0.065,0.0,1538.4615384615397,0.0,0.06281061867840215,0.0,0.5699090070303293,0.0,0.065,0.0,0,none
1774732699.816,566188,stressed,general,manual_review_required,0.2,5107297.419803381,9683351.784599973,0.11,0.12,0.0,0.0,0.11499999999999999,0.0,869.565217391304,0.0,0.119531516737503,0.0,0.17747512228698095,0.0,0.11499999999999999,0.0,0,none
1774732696.238,566187,calm,general,manual_review_required,0.2,5107297.249859333,8174002.215825508,0.88,0.89,0.0,0.0,0.885,0.0,112.99435028248598,0.0,0.8800030898613415,0.0,-0.07271165385097886,0.0,0.885,0.0,0,none
1774732699.0,566137,stressed,general,manual_review_required,0.2,5452897.104523659,3190162.2267860086,0.07,0.08,0.0,0.0,0.07500000000000001,0.0,1333.3333333333326,0.0,0.07352213139684999,0.0,0.03228377130527109,0.0,0.07500000000000001,0.0,0,none
1774732757.522,1753632,one_sided,sports,official_sports_feed,0.6,85536.45049858093,248233.76567600045,0.33,0.34,0.0,0.0,0.335,0.0,298.5074626865674,0.0,0.33995817916206666,0.0,0.974401434091397,0.0,0.335,0.0,0,none
1774732763.641,1682614,calm,sports,official_sports_feed,0.6,636.3336660861969,2773265.733653,0.54,0.55,0.0,0.0,0.545,0.0,183.48623853211024,0.0,0.5491558689900331,0.0,0.5645076606688683,0.0,0.545,0.0,0,none
1774732757.511,1750517,one_sided,sports,official_sports_feed,0.6,636.195300579071,161466.7279009997,0.39,0.4,0.0,0.0,0.395,0.0,253.16455696202553,0.0,0.3900243574941177,0.0,-0.9666495950721131,0.0,0.395,0.0,0,none
1774732763.852,1749870,one_sided,sports,official_sports_feed,0.6,636.0659217834473,82926.06335000003,0.43,0.44,0.0,0.0,0.435,0.0,229.88505747126456,0.0,0.4300015779588017,0.0,-0.9702367167179197,0.0,0.435,0.0,0,none
1774732749.239,1476618,one_sided,sports,official_sports_feed,0.6,9635.919674873352,449563.67305499915,0.45,0.46,0.0,0.0,0.455,0.0,219.78021978021997,0.0,0.4588852332090251,0.0,0.6601669207389095,0.0,0.455,0.0,0,none
1774732750.357,1739839,calm,sports,official_sports_feed,0.6,2975.7889046669006,5894388.653827991,0.75,0.76,0.0,0.0,0.755,0.0,132.45033112582794,0.0,0.7596856212449339,0.0,0.12081252009265345,0.0,0.755,0.0,0,none
1774732760.994,1753593,stressed,sports,official_sports_feed,0.6,67235.63796663284,443892.3970900001,0.24,0.25,0.0,0.0,0.245,0.0,408.1632653061228,0.0,0.24945850472659323,0.0,0.7697826464259758,0.0,0.245,0.0,0,none
1774732763.132,1739838,stressed,sports,official_sports_feed,0.6,12575.50400686264,3730150.918418994,0.28,0.29,0.0,0.0,0.28500000000000003,0.0,350.87719298245446,0.0,0.2857456495336312,0.0,-0.6009897080742991,0.0,0.28500000000000003,0.0,0,none
1774732757.878,658931,stressed,general,manual_review_required,0.2,528035.3496551514,1064488.5965089907,0.23,0.24,0.0,0.0,0.235,0.0,425.53191489361626,0.0,0.23007378413283439,0.0,0.8643316259258521,0.0,0.235,0.0,0,none
1774732755.395,1507751,stressed,politics,official_election_reporting,0.55,2774435.199850321,12264803.396659158,0.06,0.07,0.0,0.0,0.065,0.0,1538.4615384615397,0.0,0.06281068827608924,0.0,0.5722738917105403,0.0,0.065,0.0,0,none
1774732763.102,566188,stressed,general,manual_review_required,0.2,5107235.07242322,9683351.784599973,0.11,0.12,0.0,0.0,0.11499999999999999,0.0,869.565217391304,0.0,0.119531516737503,0.0,0.17747345571633885,0.0,0.11499999999999999,0.0,0,none
1774732760.211,566187,calm,general,manual_review_required,0.2,5107234.933584452,8174002.215825508,0.88,0.89,0.0,0.0,0.885,0.0,112.99435028248598,0.0,0.8800030898613415,0.0,-0.07269276323185211,0.0,0.885,0.0,0,none
1774732743.015,566137,stressed,general,manual_review_required,0.2,5452834.787088871,3190162.2267860086,0.07,0.08,0.0,0.0,0.07500000000000001,0.0,1333.3333333333326,0.0,0.07352213139684999,0.0,0.032118020342503564,0.0,0.07500000000000001,0.0,0,none
1774732772.669,1753632,one_sided,sports,official_sports_feed,0.6,85527.12484693527,248233.76567600045,0.33,0.34,0.0,0.0,0.335,0.0,298.5074626865674,0.0,0.33995816756092745,0.0,0.9743944565749799,0.0,0.335,0.0,0,none
1774732771.879,1682614,calm,sports,official_sports_feed,0.6,626.9892756938934,2773265.733653,0.54,0.55,0.0,0.0,0.545,0.0,183.48623853211024,0.0,0.5491559240332986,0.0,0.5591100414557159,0.0,0.545,0.0,0,none
1774732771.781,1750517,one_sided,sports,official_sports_feed,0.6,626.875077009201,161466.7279009997,0.39,0.4,0.0,0.0,0.395,0.0,253.16455696202553,0.0,0.3900248733389135,0.0,-0.96661187859022,0.0,0.395,0.0,0,none
1774732773.001,1749870,one_sided,sports,official_sports_feed,0.6,626.7407991886139,82926.06335000003,0.43,0.44,0.0,0.0,0.435,0.0,229.88505747126456,0.0,0.4300015779588017,0.0,-0.9702367167179197,0.0,0.435,0.0,0,none
1774732772.542,1476618,one_sided,sports,official_sports_feed,0.6,9626.604631662369,449563.67305499915,0.45,0.46,0.0,0.0,0.455,0.0,219.78021978021997,0.0,0.4588846086073947,0.0,0.6601084780596308,0.0,0.455,0.0,0,none
1774732766.828,1739839,calm,sports,official_sports_feed,0.6,2966.468801498413,5894388.653827991,0.75,0.76,0.0,0.0,0.755,0.0,132.45033112582794,0.0,0.7596856212449339,0.0,0.12558080412798425,0.0,0.755,0.0,0,none
1774732772.379,1753593,stressed,sports,official_sports_feed,0.6,67226.34137940407,443892.3970900001,0.24,0.25,0.0,0.0,0.245,0.0,408.1632653061228,0.0,0.24945766950380813,0.0,0.769453650721298,0.0,0.245,0.0,0,none
1774732763.132,1739838,stressed,sports,official_sports_feed,0.6,12566.193948984146,3730150.918418994,0.28,0.29,0.0,0.0,0.28500000000000003,0.0,350.87719298245446,0.0,0.2857456495336312,0.0,-0.6009897080742991,0.0,0.28500000000000003,0.0,0,none
1774732772.328,658931,stressed,general,manual_review_required,0.2,528026.0407493114,1064488.5965089907,0.23,0.24,0.0,0.0,0.235,0.0,425.53191489361626,0.0,0.23007378413283439,0.0,0.8645071374867317,0.0,0.235,0.0,0,none
1774732755.395,1507751,stressed,politics,official_election_reporting,0.55,2774425.8957543373,12264803.396659158,0.06,0.07,0.0,0.0,0.065,0.0,1538.4615384615397,0.0,0.06281068827608924,0.0,0.5722738917105403,0.0,0.065,0.0,0,none
1774732769.69,566188,stressed,general,manual_review_required,0.2,5107225.738425255,9683351.784599973,0.11,0.12,0.0,0.0,0.11499999999999999,0.0,869.565217391304,0.0,0.119531516737503,0.0,0.17747345571633885,0.0,0.11499999999999999,0.0,0,none
1774732760.211,566187,calm,general,manual_review_required,0.2,5107225.591526508,8174002.215825508,0.88,0.89,0.0,0.0,0.885,0.0,112.99435028248598,0.0,0.8800030898613415,0.0,-0.07269276323185211,0.0,0.885,0.0,0,none
1774732765.473,566137,stressed,general,manual_review_required,0.2,5452825.440751076,3190162.2267860086,0.07,0.08,0.0,0.0,0.07500000000000001,0.0,1333.3333333333326,0.0,0.07352213139684999,0.0,0.03211026309087231,0.0,0.07500000000000001,0.0,0,none
1774732830.2,1753632,one_sided,sports,official_sports_feed,0.6,85464.89186382294,248233.76567600045,0.33,0.34,0.0,0.0,0.335,0.0,298.5074626865674,0.0,0.3399397763764805,0.0,0.9708136126908921,0.0,0.335,0.0,0,none
1774732834.812,1682614,calm,sports,official_sports_feed,0.6,564.7321166992188,2773265.733653,0.54,0.55,0.0,0.0,0.545,0.0,183.48623853211024,0.0,0.5491735317759371,0.0,0.544408957483842,0.0,0.545,0.0,0,none
1774732831.394,1750517,one_sided,sports,official_sports_feed,0.6,564.5692617893219,161466.7279009997,0.39,0.4,0.0,0.0,0.395,0.0,253.16455696202553,0.0,0.39002432365283435,0.0,-0.9600599954752445,0.0,0.395,0.0,0,none
1774732835.38,1749870,one_sided,sports,official_sports_feed,0.6,564.440018415451,82926.06335000003,0.43,0.44,0.0,0.0,0.435,0.0,229.88505747126456,0.0,0.4300015788841107,0.0,-0.9627419388278694,0.0,0.435,0.0,0,none
1774732820.649,1476618,one_sided,sports,official_sports_feed,0.6,9564.289478302002,449563.67305499915,0.45,0.46,0.0,0.0,0.455,0.0,219.78021978021997,0.0,0.4588852186544404,0.0,0.6601395124544848,0.0,0.455,0.0,0,none
1774732825.262,1739839,calm,sports,official_sports_feed,0.6,2904.1410672664642,5894388.653827991,0.75,0.76,0.0,0.0,0.755,0.0,132.45033112582794,0.0,0.7596855802588773,0.0,0.12079413835198305,0.0,0.755,0.0,0,none
1774732834.994,1753593,stressed,sports,official_sports_feed,0.6,67164.00510907173,443892.3970900001,0.24,0.25,0.0,0.0,0.245,0.0,408.1632653061228,0.0,0.24945776934570962,0.0,0.7694759106899233,0.0,0.245,0.0,0,none
1774732835.691,1739838,stressed,sports,official_sports_feed,0.6,12503.84299659729,3730150.918418994,0.28,0.29,0.0,0.0,0.28500000000000003,0.0,350.87719298245446,0.0,0.28573770114102687,0.0,-0.6009708044192332,0.0,0.28500000000000003,0.0,0,none
1774732815.274,658931,stressed,general,manual_review_required,0.2,527963.7048344612,1064488.5965089907,0.23,0.24,0.0,0.0,0.235,0.0,425.53191489361626,0.0,0.23003412762136902,0.0,0.8743337334079804,0.0,0.235,0.0,0,none
1774732833.497,1507751,stressed,politics,official_election_reporting,0.55,2774363.5669903755,12264803.396659158,0.06,0.07,0.0,0.0,0.065,0.0,1538.4615384615397,0.0,0.06281070084554555,0.0,0.5720471594253562,0.0,0.065,0.0,0,none
1774732834.175,566188,stressed,general,manual_review_required,0.2,5107163.435662985,9683351.784599973,0.11,0.12,0.0,0.0,0.11499999999999999,0.0,869.565217391304,0.0,0.119531516737503,0.0,0.17747345571633885,0.0,0.11499999999999999,0.0,0,none
1774732832.233,566187,calm,general,manual_review_required,0.2,5107163.3157942295,8174002.215825508,0.88,0.89,0.0,0.0,0.885,0.0,112.99435028248598,0.0,0.8800030898613415,0.0,-0.07269276323185211,0.0,0.885,0.0,0,none
1774732826.001,566137,stressed,general,manual_review_required,0.2,5452763.17823863,3190162.2267860086,0.07,0.08,0.0,0.0,0.07500000000000001,0.0,1333.3333333333326,0.0,0.07352213139684999,0.0,0.032292236612880616,0.0,0.07500000000000001,0.0,0,none
1774732896.422,1753632,one_sided,sports,official_sports_feed,0.6,85402.72527003288,248233.76567600045,0.33,0.34,0.0,0.0,0.335,0.0,298.5074626865674,0.0,0.3399397763764805,0.0,0.9708121858494749,0.0,0.335,0.0,0,none
1774732897.297,1682614,calm,sports,official_sports_feed,0.6,502.5926399230957,2773265.733653,0.54,0.55,0.0,0.0,0.545,0.0,183.48623853211024,0.0,0.5486696459769453,0.0,0.5298686781443056,0.0,0.545,0.0,0,none
1774732896.178,1750517,one_sided,sports,official_sports_feed,0.6,502.47253036499023,161466.7279009997,0.39,0.4,0.0,0.0,0.395,0.0,253.16455696202553,0.0,0.39002398522737214,0.0,-0.9619878309131246,0.0,0.395,0.0,0,none
1774732896.184,1749870,one_sided,sports,official_sports_feed,0.6,502.3488085269928,82926.06335000003,0.42,0.43,0.0,0.0,0.425,0.0,235.29411764705904,0.0,0.4249048985900388,0.0,-0.9647223770997017,0.0,0.425,0.0,0,none
1774732897.159,1476618,calm,sports,official_sports_feed,0.6,9502.215004444122,449563.67305499915,0.45,0.46,0.0,0.0,0.455,0.0,219.78021978021997,0.0,0.4588831475850693,0.0,0.5963797981549351,0.0,0.455,0.0,0,none
1774732897.159,1739839,calm,sports,official_sports_feed,0.6,2842.088415145874,5894388.653827991,0.75,0.76,0.0,0.0,0.755,0.0,132.45033112582794,0.0,0.759691340444201,0.0,0.12103029566927072,0.0,0.755,0.0,0,none
1774732898.033,1753593,stressed,sports,official_sports_feed,0.6,67101.94004106522,443892.3970900001,0.24,0.25,0.0,0.0,0.245,0.0,408.1632653061228,0.0,0.2494575886855137,0.0,0.7694042168939739,0.0,0.245,0.0,0,none
1774732898.14,1739838,stressed,sports,official_sports_feed,0.6,12441.784183502197,3730150.918418994,0.28,0.29,0.0,0.0,0.28500000000000003,0.0,350.87719298245446,0.0,0.2855628121345238,0.0,-0.6019192802773634,0.0,0.28500000000000003,0.0,0,none
1774732897.91,658931,stressed,general,manual_review_required,0.2,527901.663469553,1064488.5965089907,0.23,0.24,0.0,0.0,0.235,0.0,425.53191489361626,0.0,0.23003412762136902,0.0,0.8628238050222317,0.0,0.235,0.0,0,none
1774732883.393,1507751,stressed,politics,official_election_reporting,0.55,2774301.540205002,12264803.396659158,0.06,0.07,0.0,0.0,0.065,0.0,1538.4615384615397,0.0,0.06281048211659286,0.0,0.5719595561957183,0.0,0.065,0.0,0,none
1774732897.634,566188,stressed,general,manual_review_required,0.2,5107101.402725935,9683351.784599973,0.11,0.12,0.0,0.0,0.11499999999999999,0.0,869.565217391304,0.0,0.119531516737503,0.0,0.17748278842495063,0.0,0.11499999999999999,0.0,0,none
1774732850.722,566187,calm,general,manual_review_required,0.2,5107101.280676603,8174002.215825508,0.88,0.89,0.0,0.0,0.885,0.0,112.99435028248598,0.0,0.8800030898613415,0.0,-0.07269276323185211,0.0,0.885,0.0,0,none
1774732891.834,566137,stressed,general,manual_review_required,0.2,5452701.147785187,3190162.2267860086,0.07,0.08,0.0,0.0,0.07500000000000001,0.0,1333.3333333333326,0.0,0.07352213139684999,0.0,0.03211026309087231,0.0,0.07500000000000001,0.0,0,none
1774732954.984,1753632,one_sided,sports,official_sports_feed,0.6,85340.72215771675,248233.76567600045,0.33,0.34,0.0,0.0,0.335,0.0,298.5074626865674,0.0,0.33993976700287915,0.0,0.9708103056908238,0.0,0.335,0.0,0,none
1774732959.002,1682614,calm,sports,official_sports_feed,0.6,440.5694668292999,2773265.733653,0.54,0.55,0.0,0.0,0.545,0.0,183.48623853211024,0.0,0.5482459265260214,0.0,0.5164917801046472,0.0,0.545,0.0,0,none
1774732951.739,1750517,one_sided,sports,official_sports_feed,0.6,440.4202952384949,161466.7279009997,0.39,0.4,0.0,0.0,0.395,0.0,253.16455696202553,0.0,0.3900193538944377,0.0,-0.9635486940084567,0.0,0.395,0.0,0,none
1774732958.513,1749870,one_sided,sports,official_sports_feed,0.6,440.2930941581726,82926.06335000003,0.42,0.43,0.0,0.0,0.425,0.0,235.29411764705904,0.0,0.42548773674506957,0.0,-0.9665832947199159,0.0,0.425,0.0,0,none
1774732952.282,1476618,calm,sports,official_sports_feed,0.6,9440.156950950623,449563.67305499915,0.45,0.46,0.0,0.0,0.455,0.0,219.78021978021997,0.0,0.4588825232674456,0.0,0.5924970297036052,0.0,0.455,0.0,0,none
1774732959.481,1739839,calm,sports,official_sports_feed,0.6,2780.0358662605286,5894388.653827991,0.75,0.76,0.0,0.0,0.755,0.0,132.45033112582794,0.0,0.7582231489891753,0.0,0.09140439964429363,0.0,0.755,0.0,0,none
1774732955.947,1753593,stressed,sports,official_sports_feed,0.6,67039.88344454765,443892.3970900001,0.24,0.25,0.0,0.0,0.245,0.0,408.1632653061228,0.0,0.24945773855833858,0.0,0.7694616672760919,0.0,0.245,0.0,0,none
1774732959.96,1739838,stressed,sports,official_sports_feed,0.6,12379.761305093765,3730150.918418994,0.28,0.29,0.0,0.0,0.28500000000000003,0.0,350.87719298245446,0.0,0.2857596102211095,0.0,-0.603687536186187,0.0,0.28500000000000003,0.0,0,none
1774732958.434,658931,stressed,general,manual_review_required,0.2,527839.6384642124,1064488.5965089907,0.23,0.24,0.0,0.0,0.235,0.0,425.53191489361626,0.0,0.23003412762136902,0.0,0.8737902602077596,0.0,0.235,0.0,0,none
1774732947.387,1507751,stressed,politics,official_election_reporting,0.55,2774239.494613409,12264803.396659158,0.06,0.07,0.0,0.0,0.065,0.0,1538.4615384615397,0.0,0.06281147706119766,0.0,0.57224805618989,0.0,0.065,0.0,0,none
1774732959.086,566188,stressed,general,manual_review_required,0.2,5107039.307919502,9683351.784599973,0.11,0.12,0.0,0.0,0.11499999999999999,0.0,869.565217391304,0.0,0.119531516737503,0.0,0.17748278842495063,0.0,0.11499999999999999,0.0,0,none
1774732959.439,566187,calm,general,manual_review_required,0.2,5107039.188187122,8174002.215825508,0.88,0.89,0.0,0.0,0.885,0.0,112.99435028248598,0.0,0.8800030898613415,0.0,-0.07279109839697889,0.0,0.885,0.0,0,none
1774732952.0,566137,stressed,general,manual_review_required,0.2,5452639.0577812195,3190162.2267860086,0.07,0.08,0.0,0.0,0.07500000000000001,0.0,1333.3333333333326,0.0,0.07352213139684999,0.0,0.032292236612880616,0.0,0.07500000000000001,0.0,0,none
1774733014.624,1753632,one_sided,sports,official_sports_feed,0.6,85278.64767384529,248233.76567600045,0.33,0.34,0.0,0.0,0.335,0.0,298.5074626865674,0.0,0.33993977620472515,0.0,0.9704548529221554,0.0,0.335,0.0,0,none
1774733021.113,1682614,calm,sports,official_sports_feed,0.6,378.5200729370117,2773265.733653,0.54,0.55,0.0,0.0,0.545,0.0,183.48623853211024,0.0,0.5482567182945779,0.0,0.49796181484676105,0.0,0.545,0.0,0,none
1774733007.052,1750517,one_sided,sports,official_sports_feed,0.6,378.3718283176422,161466.7279009997,0.39,0.4,0.0,0.0,0.395,0.0,253.16455696202553,0.0,0.3900188371035329,0.0,-0.9634257375654313,0.0,0.395,0.0,0,none
1774733017.25,1749870,one_sided,sports,official_sports_feed,0.6,378.26145792007446,82926.06335000003,0.42,0.43,0.0,0.0,0.425,0.0,235.29411764705904,0.0,0.42548773674506957,0.0,-0.9667970067022378,0.0,0.425,0.0,0,none
1774733018.466,1476618,one_sided,sports,official_sports_feed,0.6,9378.140206336975,449563.67305499915,0.45,0.46,0.0,0.0,0.455,0.0,219.78021978021997,0.0,0.4588856967306775,0.0,0.6549875604537578,0.0,0.455,0.0,0,none
1774733018.769,1739839,calm,sports,official_sports_feed,0.6,2717.9959654808044,5894388.653827991,0.75,0.76,0.0,0.0,0.755,0.0,132.45033112582794,0.0,0.7582230932813605,0.0,0.08689390039412928,0.0,0.755,0.0,0,none
1774733021.328,1753593,stressed,sports,official_sports_feed,0.6,66977.82613277435,443892.3970900001,0.24,0.25,0.0,0.0,0.245,0.0,408.1632653061228,0.0,0.24945773205282964,0.0,0.7686077901105559,0.0,0.245,0.0,0,none
1774733021.392,1739838,stressed,sports,official_sports_feed,0.6,12317.69704246521,3730150.918418994,0.28,0.29,0.0,0.0,0.28500000000000003,0.0,350.87719298245446,0.0,0.2857562932264337,0.0,-0.5189867404933804,0.0,0.28500000000000003,0.0,0,none
1774733021.638,658931,stressed,general,manual_review_required,0.2,527777.5805237293,1064488.5965089907,0.23,0.24,0.0,0.0,0.235,0.0,425.53191489361626,0.0,0.23003412762136902,0.0,0.8732048630022631,0.0,0.235,0.0,0,none
1774733022.437,1507751,stressed,politics,official_election_reporting,0.55,2774177.452914953,12264803.396659158,0.06,0.07,0.0,0.0,0.065,0.0,1538.4615384615397,0.0,0.06281299023177277,0.0,0.5702484746183395,0.0,0.065,0.0,0,none
1774733022.166,566188,stressed,general,manual_review_required,0.2,5106977.333869219,9683351.784599973,0.11,0.12,0.0,0.0,0.11499999999999999,0.0,869.565217391304,0.0,0.119531516737503,0.0,0.17747345571633885,0.0,0.11499999999999999,0.0,0,none
1774733018.92,566187,calm,general,manual_review_required,0.2,5106977.159123182,8174002.215825508,0.88,0.89,0.0,0.0,0.885,0.0,112.99435028248598,0.0,0.8800030898613415,0.0,-0.07269276323185211,0.0,0.885,0.0,0,none
1774733022.941,566137,stressed,general,manual_review_required,0.2,5452577.02895236,3190162.2267860086,0.07,0.08,0.0,0.0,0.07500000000000001,0.0,1333.3333333333326,0.0,0.07352213139684999,0.0,0.0322853592626591,0.0,0.07500000000000001,0.0,0,none
1774733073.21,1753632,one_sided,sports,official_sports_feed,0.6,85216.54015159607,248233.76567600045,0.33,0.34,0.0,0.0,0.335,0.0,298.5074626865674,0.0,0.3399397762603095,0.0,0.9704548796807192,0.0,0.335,0.0,0,none
1774733082.495,1682614,calm,sports,official_sports_feed,0.6,316.39220094680786,2773265.733653,0.54,0.55,0.0,0.0,0.545,0.0,183.48623853211024,0.0,0.5485051687969164,0.0,0.5031362862713425,0.0,0.545,0.0,0,none
1774733082.795,1750517,one_sided,sports,official_sports_feed,0.6,316.2684268951416,161466.7279009997,0.39,0.4,0.0,0.0,0.395,0.0,253.16455696202553,0.0,0.39001874121528196,0.0,-0.9628055919461517,0.0,0.395,0.0,0,none
1774733080.525,1749870,one_sided,sports,official_sports_feed,0.6,316.13055396080017,82926.06335000003,0.42,0.43,0.0,0.0,0.425,0.0,235.29411764705904,0.0,0.42489335469049677,0.0,-0.9644777500239157,0.0,0.425,0.0,0,none
1774733083.483,1476618,one_sided,sports,official_sports_feed,0.6,9315.995351552963,449563.67305499915,0.45,0.46,0.0,0.0,0.455,0.0,219.78021978021997,0.0,0.4588856165723484,0.0,0.6550223105154918,0.0,0.455,0.0,0,none
1774733084.026,1739839,calm,sports,official_sports_feed,0.6,2655.853970527649,5894388.653827991,0.75,0.76,0.0,0.0,0.755,0.0,132.45033112582794,0.0,0.7582230932813605,0.0,0.09137825302086724,0.0,0.755,0.0,0,none
1774733080.225,1753593,stressed,sports,official_sports_feed,0.6,66915.73273539543,443892.3970900001,0.24,0.25,0.0,0.0,0.245,0.0,408.1632653061228,0.0,0.24945776934608255,0.0,0.7686225269139463,0.0,0.245,0.0,0,none
1774733081.471,1739838,stressed,sports,official_sports_feed,0.6,12255.596876382828,3730150.918418994,0.28,0.29,0.0,0.0,0.28500000000000003,0.0,350.87719298245446,0.0,0.28556843970062895,0.0,-0.5176331769868471,0.0,0.28500000000000003,0.0,0,none
1774733083.033,658931,stressed,general,manual_review_required,0.2,527715.4705479145,1064488.5965089907,0.23,0.24,0.0,0.0,0.235,0.0,425.53191489361626,0.0,0.23007113626758766,0.0,0.8719301816775962,0.0,0.235,0.0,0,none
1774733075.391,1507751,stressed,politics,official_election_reporting,0.55,2774115.3355317116,12264803.396659158,0.06,0.07,0.0,0.0,0.065,0.0,1538.4615384615397,0.0,0.06281305989575203,0.0,0.5726247287191467,0.0,0.065,0.0,0,none
1774733084.512,566188,stressed,general,manual_review_required,0.2,5106915.205169201,9683351.784599973,0.11,0.12,0.0,0.0,0.11499999999999999,0.0,869.565217391304,0.0,0.119531516737503,0.0,0.17740678735234228,0.0,0.11499999999999999,0.0,0,none
1774733049.532,566187,calm,general,manual_review_required,0.2,5106915.086429119,8174002.215825508,0.88,0.89,0.0,0.0,0.885,0.0,112.99435028248598,0.0,0.8800030898613415,0.0,-0.07269276323185211,0.0,0.885,0.0,0,none
1774733080.209,566137,stressed,general,manual_review_required,0.2,5452514.944679737,3190162.2267860086,0.07,0.08,0.0,0.0,0.07500000000000001,0.0,1333.3333333333326,0.0,0.07352213139684999,0.0,0.03211889817110612,0.0,0.07500000000000001,0.0,0,none
1774733133.676,1753632,one_sided,sports,official_sports_feed,0.6,85154.36554527283,248238.76567600045,0.33,0.34,0.0,0.0,0.335,0.0,298.5074626865674,0.0,0.3399397670028236,0.0,0.9704544808050272,0.0,0.335,0.0,0,none
1774733144.871,1682614,calm,sports,official_sports_feed,0.6,254.22798109054565,2850682.8256019875,0.54,0.55,0.0,0.0,0.545,0.0,183.48623853211024,0.0,0.5450697538465513,0.0,0.2532459472443162,0.0,0.545,0.0,0,none
1774733144.4,1750517,one_sided,sports,official_sports_feed,0.6,254.08459496498108,162326.92860999957,0.39,0.4,0.0,0.0,0.395,0.0,253.16455696202553,0.0,0.3900190820929652,0.0,-0.9550261212442798,0.0,0.395,0.0,0,none
1774733145.268,1749870,one_sided,sports,official_sports_feed,0.6,253.9454221725464,84355.15171100001,0.42,0.43,0.0,0.0,0.425,0.0,235.29411764705904,0.0,0.42489335469049677,0.0,-0.9643261624158935,0.0,0.425,0.0,0,none
1774733136.916,1476618,one_sided,sports,official_sports_feed,0.6,9253.771081209183,449657.3094169992,0.45,0.46,0.0,0.0,0.455,0.0,219.78021978021997,0.0,0.4588722608690388,0.0,0.6543271166475368,0.0,0.455,0.0,0,none
1774733144.566,1739839,calm,sports,official_sports_feed,0.6,2593.639004945755,5895165.680140992,0.75,0.76,0.0,0.0,0.755,0.0,132.45033112582794,0.0,0.7582182272209861,0.0,0.08639256650712888,0.0,0.755,0.0,0,none
1774733146.266,1753593,stressed,sports,official_sports_feed,0.6,66853.49301123619,444028.3970900001,0.24,0.25,0.0,0.0,0.245,0.0,408.1632653061228,0.0,0.24945214241632002,0.0,0.7672579901232572,0.0,0.245,0.0,0,none
1774733144.988,1739838,stressed,sports,official_sports_feed,0.6,12193.367567777634,3793004.7697069943,0.28,0.29,0.0,0.0,0.28500000000000003,0.0,350.87719298245446,0.0,0.28556778882404465,0.0,-0.517701660799534,0.0,0.28500000000000003,0.0,0,none
1774733146.037,658931,stressed,general,manual_review_required,0.2,527653.2156493664,1064488.5965089907,0.23,0.24,0.0,0.0,0.235,0.0,425.53191489361626,0.0,0.23007113626758766,0.0,0.8828582799148277,0.0,0.235,0.0,0,none
1774733139.394,1507751,stressed,politics,official_election_reporting,0.55,2774053.0840609074,12264827.707509158,0.06,0.07,0.0,0.0,0.065,0.0,1538.4615384615397,0.0,0.06281305989575203,0.0,0.5722738598883373,0.0,0.065,0.0,0,none
1774733141.293,566188,stressed,general,manual_review_required,0.2,5106852.957477093,9683351.784599973,0.11,0.12,0.0,0.0,0.11499999999999999,0.0,869.565217391304,0.0,0.119531516737503,0.0,0.17747345571633885,0.0,0.11499999999999999,0.0,0,none
1774733124.254,566187,calm,general,manual_review_required,0.2,5106852.815899372,8174002.215825508,0.88,0.89,0.0,0.0,0.885,0.0,112.99435028248598,0.0,0.8800030898613415,0.0,-0.07269276323185211,0.0,0.885,0.0,0,none
1774733144.919,566137,stressed,general,manual_review_required,0.2,5452452.664972067,3190162.2267860086,0.07,0.08,0.0,0.0,0.07500000000000001,0.0,1333.3333333333326,0.0,0.07352213139684999,0.0,0.0322853592626591,0.0,0.07500000000000001,0.0,0,none
1774733205.586,1753632,one_sided,sports,official_sports_feed,0.6,85092.24811768532,248238.76567600045,0.33,0.34,0.0,0.0,0.335,0.0,298.5074626865674,0.0,0.33993814021699026,0.0,0.9696680018951535,0.0,0.335,0.0,0,none
1774733204.835,1682614,calm,sports,official_sports_feed,0.6,192.1384620666504,2850682.8256019875,0.54,0.55,0.0,0.0,0.545,0.0,183.48623853211024,0.0,0.545452621729031,0.0,0.3740681986073145,0.0,0.545,0.0,0,none
1774733204.352,1750517,one_sided,sports,official_sports_feed,0.6,192.00050401687622,162326.92860999957,0.39,0.4,0.0,0.0,0.395,0.0,253.16455696202553,0.0,0.3900141731209053,0.0,-0.9528493129927967,0.0,0.395,0.0,0,none
1774733206.742,1749870,one_sided,sports,official_sports_feed,0.6,191.8672320842743,84355.15171100001,0.42,0.43,0.0,0.0,0.425,0.0,235.29411764705904,0.0,0.42489335469049677,0.0,-0.9634357632448357,0.0,0.425,0.0,0,none
1774733196.185,1476618,one_sided,sports,official_sports_feed,0.6,9191.733784914017,449657.3094169992,0.45,0.46,0.0,0.0,0.455,0.0,219.78021978021997,0.0,0.4588728838353788,0.0,0.6543549791256191,0.0,0.455,0.0,0,none
1774733207.796,1739839,calm,sports,official_sports_feed,0.6,2531.6039097309113,5895165.680140992,0.75,0.76,0.0,0.0,0.755,0.0,132.45033112582794,0.0,0.7582747665867777,0.0,0.0877336732975313,0.0,0.755,0.0,0,none
1774733208.418,1753593,stressed,sports,official_sports_feed,0.6,66791.4748916626,444028.3970900001,0.24,0.25,0.0,0.0,0.245,0.0,408.1632653061228,0.0,0.2494633060907694,0.0,0.7716565410850492,0.0,0.245,0.0,0,none
1774733205.979,1739838,stressed,sports,official_sports_feed,0.6,12131.348000764847,3793004.7697069943,0.28,0.29,0.0,0.0,0.28500000000000003,0.0,350.87719298245446,0.0,0.2856348317668959,0.0,-0.5156620368987339,0.0,0.28500000000000003,0.0,0,none
1774733207.533,658931,stressed,general,manual_review_required,0.2,527591.2191298008,1064488.5965089907,0.23,0.24,0.0,0.0,0.235,0.0,425.53191489361626,0.0,0.23007113626758766,0.0,0.8828582799148277,0.0,0.235,0.0,0,none
1774733203.384,1507751,stressed,politics,official_election_reporting,0.55,2773991.104318857,12264827.707509158,0.06,0.07,0.0,0.0,0.065,0.0,1538.4615384615397,0.0,0.06281171584527115,0.0,0.5720657053107602,0.0,0.065,0.0,0,none
1774733205.496,566188,stressed,general,manual_review_required,0.2,5106790.982644081,9683351.784599973,0.11,0.12,0.0,0.0,0.11499999999999999,0.0,869.565217391304,0.0,0.1195315041155299,0.0,0.21307789241983854,0.0,0.11499999999999999,0.0,0,none
1774733200.865,566187,calm,general,manual_review_required,0.2,5106790.867394924,8174002.215825508,0.88,0.89,0.0,0.0,0.885,0.0,112.99435028248598,0.0,0.8800030898613415,0.0,-0.11216200969326326,0.0,0.885,0.0,0,none
1774733206.697,566137,stressed,general,manual_review_required,0.2,5452390.752445459,3190162.2267860086,0.07,0.08,0.0,0.0,0.07500000000000001,0.0,1333.3333333333326,0.0,0.07352213139684999,0.0,0.03211889817110612,0.0,0.07500000000000001,0.0,0,none
1774733268.522,1753632,one_sided,sports,official_sports_feed,0.6,85030.27381134033,248238.76567600045,0.33,0.34,0.0,0.0,0.335,0.0,298.5074626865674,0.0,0.33993877824780433,0.0,0.9699722245159011,0.0,0.335,0.0,0,none
1774733268.823,1682614,closing,sports,official_sports_feed,0.6,130.13760900497437,2850682.8256019875,0.54,0.55,0.0,0.0,0.545,0.0,183.48623853211024,0.0,0.5454507104921016,0.0,0.38840444121428247,0.0,0.545,0.0,0,none
1774733269.67,1750517,closing,sports,official_sports_feed,0.6,129.98900771141052,162326.92860999957,0.39,0.4,0.0,0.0,0.395,0.0,253.16455696202553,0.0,0.3900136859976943,0.0,-0.974389007141799,0.0,0.395,0.0,0,none
1774733269.244,1749870,closing,sports,official_sports_feed,0.6,129.8529224395752,84355.15171100001,0.42,0.43,0.0,0.0,0.425,0.0,235.29411764705904,0.0,0.4296210054590105,0.0,-0.9273952586954158,0.0,0.425,0.0,0,none
1774733241.001,1476618,one_sided,sports,official_sports_feed,0.6,9129.719629049301,449657.3094169992,0.45,0.46,0.0,0.0,0.455,0.0,219.78021978021997,0.0,0.4588728838353788,0.0,0.6543566986295201,0.0,0.455,0.0,0,none
1774733269.509,1739839,calm,sports,official_sports_feed,0.6,2469.5825028419495,5895165.680140992,0.75,0.76,0.0,0.0,0.755,0.0,132.45033112582794,0.0,0.7582791810825192,0.0,0.08395918571393812,0.0,0.755,0.0,0,none
1774733268.018,1753593,stressed,sports,official_sports_feed,0.6,66729.45491600037,444028.3970900001,0.24,0.25,0.0,0.0,0.245,0.0,408.1632653061228,0.0,0.24942826539235896,0.0,0.7570089769384556,0.0,0.245,0.0,0,none
1774733270.626,1739838,stressed,sports,official_sports_feed,0.6,12069.339046955109,3793004.7697069943,0.28,0.29,0.0,0.0,0.28500000000000003,0.0,350.87719298245446,0.0,0.28563534375885447,0.0,-0.5156529905959891,0.0,0.28500000000000003,0.0,0,none
1774733248.75,658931,stressed,general,manual_review_required,0.2,527529.1985936165,1064488.5965089907,0.23,0.24,0.0,0.0,0.235,0.0,425.53191489361626,0.0,0.23007113626758766,0.0,0.8828582799148277,0.0,0.235,0.0,0,none
1774733267.393,1507751,stressed,politics,official_election_reporting,0.55,2773928.921591282,12264827.707509158,0.06,0.07,0.0,0.0,0.065,0.0,1538.4615384615397,0.0,0.06281298752565884,0.0,0.5742078145045051,0.0,0.065,0.0,0,none
1774733268.59,566188,stressed,general,manual_review_required,0.2,5106728.730823517,9683351.784599973,0.11,0.12,0.0,0.0,0.11499999999999999,0.0,869.565217391304,0.0,0.119531516737503,0.0,0.21307953503645605,0.0,0.11499999999999999,0.0,0,none
1774733257.435,566187,calm,general,manual_review_required,0.2,5106728.5829463005,8174002.215825508,0.88,0.89,0.0,0.0,0.885,0.0,112.99435028248598,0.0,0.8800030898613415,0.0,-0.11216200969326326,0.0,0.885,0.0,0,none
1774733271.144,566137,stressed,general,manual_review_required,0.2,5452328.426583767,3190162.2267860086,0.07,0.08,0.0,0.0,0.07500000000000001,0.0,1333.3333333333326,0.0,0.07352213139684999,0.0,0.0322853592626591,0.0,0.07500000000000001,0.0,0,none
1774733331.945,1753632,one_sided,sports,official_sports_feed,0.6,84967.850014925,248241.7507480005,0.33,0.34,0.0,0.0,0.335,0.0,298.5074626865674,0.0,0.33993904017717863,0.0,0.9701062455701648,0.0,0.335,0.0,0,none
1774733332.099,1682614,closing,sports,official_sports_feed,0.6,67.7209689617157,2853700.167828985,0.54,0.55,0.0,0.0,0.545,0.0,183.48623853211024,0.0,0.5455496865019295,0.0,0.42699830532570365,0.0,0.545,0.0,0,none
1774733331.003,1750517,closing,sports,official_sports_feed,0.6,67.58682990074158,188233.02651299947,0.39,0.4,0.0,0.0,0.395,0.0,253.16455696202553,0.0,0.3900097470705475,0.0,-0.9823200271415032,0.0,0.395,0.0,0,none
1774733328.682,1749870,closing,sports,official_sports_feed,0.6,67.47371029853821,84355.15171100001,0.42,0.43,0.0,0.0,0.425,0.0,235.29411764705904,0.0,0.4296210054590105,0.0,-0.9268966639290122,0.0,0.425,0.0,0,none
1774733331.0,1476618,one_sided,sports,official_sports_feed,0.6,9067.360807180405,449695.3094169992,0.45,0.46,0.0,0.0,0.455,0.0,219.78021978021997,0.0,0.45887286913766007,0.0,0.6543554468323738,0.0,0.455,0.0,0,none
1774733331.41,1739839,calm,sports,official_sports_feed,0.6,2407.2241265773773,5895165.680140992,0.75,0.76,0.0,0.0,0.755,0.0,132.45033112582794,0.0,0.7582793121868013,0.0,0.08396010844178858,0.0,0.755,0.0,0,none
1774733332.638,1753593,stressed,sports,official_sports_feed,0.6,66667.07562613487,444028.3970900001,0.24,0.25,0.0,0.0,0.245,0.0,408.1632653061228,0.0,0.2494423751299758,0.0,0.7626322271931206,0.0,0.245,0.0,0,none
1774733333.004,1739838,stressed,sports,official_sports_feed,0.6,12006.952897548676,3793482.317481994,0.28,0.29,0.0,0.0,0.28500000000000003,0.0,350.87719298245446,0.0,0.2856352593989079,0.0,-0.5156571916384388,0.0,0.28500000000000003,0.0,0,none
1774733332.558,658931,stressed,general,manual_review_required,0.2,527466.8324480057,1064510.3465089907,0.23,0.24,0.0,0.0,0.235,0.0,425.53191489361626,0.0,0.23007113626758766,0.0,0.8715583211961402,0.0,0.235,0.0,0,none
1774733332.829,1507751,stressed,politics,official_election_reporting,0.55,2773866.6925752163,12264827.707509158,0.06,0.07,0.0,0.0,0.065,0.0,1538.4615384615397,0.0,0.06281369059183076,0.0,0.5745598704892528,0.0,0.065,0.0,0,none
1774733331.317,566188,stressed,general,manual_review_required,0.2,5106666.567195177,9683351.784599973,0.11,0.12,0.0,0.0,0.11499999999999999,0.0,869.565217391304,0.0,0.119531516737503,0.0,0.21310080568064393,0.0,0.11499999999999999,0.0,0,none
1774733330.072,566187,calm,general,manual_review_required,0.2,5106666.434403658,8174002.215825508,0.88,0.89,0.0,0.0,0.885,0.0,112.99435028248598,0.0,0.8800030898613415,0.0,-0.11216200969326326,0.0,0.885,0.0,0,none
1774733333.243,566137,stressed,general,manual_review_required,0.2,5452266.314836979,3190162.2267860086,0.07,0.08,0.0,0.0,0.07500000000000001,0.0,1333.3333333333326,0.0,0.07352213139684999,0.0,0.03211889817110612,0.0,0.07500000000000001,0.0,0,none
1774733389.562,1753632,one_sided,sports,official_sports_feed,0.6,84905.9689514637,248241.7507480005,0.33,0.34,0.0,0.0,0.335,0.0,298.5074626865674,0.0,0.3399400989499002,0.0,0.9706053112221287,0.0,0.335,0.0,0,none
1774733393.754,1682614,terminal,sports,official_sports_feed,0.6,5.842732191085815,2853700.167828985,0.54,0.55,0.0,0.0,0.545,0.0,183.48623853211024,0.0,0.5499630342454351,0.0,0.7385650893842867,0.0,0.545,0.0,0,none
1774733393.304,1750517,terminal,sports,official_sports_feed,0.6,5.66667103767395,188233.02651299947,0.39,0.4,0.0,0.0,0.395,0.0,253.16455696202553,0.0,0.39000888245617354,0.0,-0.9827506684054396,0.0,0.395,0.0,0,none
1774733390.291,1749870,terminal,sports,official_sports_feed,0.6,5.530550003051758,84355.15171100001,0.42,0.43,0.0,0.0,0.425,0.0,235.29411764705904,0.0,0.42960112241168696,0.0,-0.9293475450371245,0.0,0.425,0.0,0,none
1774733388.947,1476618,one_sided,sports,official_sports_feed,0.6,9005.389118432999,449695.3094169992,0.45,0.46,0.0,0.0,0.455,0.0,219.78021978021997,0.0,0.45887219440678134,0.0,0.6546889031676937,0.0,0.455,0.0,0,none
1774733393.788,1739839,calm,sports,official_sports_feed,0.6,2345.245849132538,5895165.680140992,0.75,0.76,0.0,0.0,0.755,0.0,132.45033112582794,0.0,0.7582709496077882,0.0,0.08846370041813058,0.0,0.755,0.0,0,none
1774733394.617,1753593,stressed,sports,official_sports_feed,0.6,66605.09997224808,444028.3970900001,0.24,0.25,0.0,0.0,0.245,0.0,408.1632653061228,0.0,0.24944759435519057,0.0,0.7646926996120079,0.0,0.245,0.0,0,none
1774733393.873,1739838,stressed,sports,official_sports_feed,0.6,11944.972840547562,3793482.317481994,0.28,0.29,0.0,0.0,0.28500000000000003,0.0,350.87719298245446,0.0,0.28563139233854207,0.0,-0.5225383853691605,0.0,0.28500000000000003,0.0,0,none
1774733393.577,658931,stressed,general,manual_review_required,0.2,527404.8306405544,1064510.3465089907,0.23,0.24,0.0,0.0,0.235,0.0,425.53191489361626,0.0,0.23007113626758766,0.0,0.8712470289990855,0.0,0.235,0.0,0,none
1774733394.383,1507751,stressed,politics,official_election_reporting,0.55,2773804.7096805573,12264827.707509158,0.06,0.07,0.0,0.0,0.065,0.0,1538.4615384615397,0.0,0.06281374036341249,0.0,0.5742142174400681,0.0,0.065,0.0,0,none
1774733393.653,566188,stressed,general,manual_review_required,0.2,5106604.577027321,9683351.784599973,0.11,0.12,0.0,0.0,0.11499999999999999,0.0,869.565217391304,0.0,0.119531516737503,0.0,0.17480123621207488,0.0,0.11499999999999999,0.0,0,none
1774733390.78,566187,calm,general,manual_review_required,0.2,5106604.435869694,8174002.215825508,0.88,0.89,0.0,0.0,0.885,0.0,112.99435028248598,0.0,0.8800030898613415,0.0,-0.11202665186064205,0.0,0.885,0.0,0,none
1774733394.001,566137,stressed,general,manual_review_required,0.2,5452204.299165487,3190162.2267860086,0.07,0.08,0.0,0.0,0.07500000000000001,0.0,1333.3333333333326,0.0,0.07352213139684999,0.0,0.03229311935202847,0.0,0.07500000000000001,0.0,0,none
1774733445.054,1753632,one_sided,sports,official_sports_feed,0.6,84843.79476881027,248241.7507480005,0.33,0.34,0.0,0.0,0.335,0.0,298.5074626865674,0.0,0.33994005577504943,0.0,0.9705911808803871,0.0,0.335,0.0,0,none
1774733450.903,1476618,one_sided,sports,official_sports_feed,0.6,8943.668382883072,449695.3094169992,0.45,0.46,0.0,0.0,0.455,0.0,219.78021978021997,0.0,0.45887219440678134,0.0,0.6546889031676937,0.0,0.455,0.0,0,none
1774733456.417,1739839,calm,sports,official_sports_feed,0.6,2283.5316286087036,5895165.680140992,0.75,0.76,0.0,0.0,0.755,0.0,132.45033112582794,0.0,0.758274280021381,0.0,0.08424751715499154,0.0,0.755,0.0,0,none
1774733456.501,1753593,stressed,sports,official_sports_feed,0.6,66543.38004302979,444028.3970900001,0.24,0.25,0.0,0.0,0.245,0.0,408.1632653061228,0.0,0.24943620609939332,0.0,0.7602154821171893,0.0,0.245,0.0,0,none
1774733455.48,1739838,stressed,sports,official_sports_feed,0.6,11883.244795322418,3793482.317481994,0.28,0.29,0.0,0.0,0.28500000000000003,0.0,350.87719298245446,0.0,0.2855991499552576,0.0,-0.5204182630874854,0.0,0.28500000000000003,0.0,0,none
1774733456.775,658931,stressed,general,manual_review_required,0.2,527343.1240382195,1064510.3465089907,0.23,0.24,0.0,0.0,0.235,0.0,425.53191489361626,0.0,0.2300711281695874,0.0,0.8822461569371925,0.0,0.235,0.0,0,none
1774733456.985,1507751,stressed,politics,official_election_reporting,0.55,2773742.9869463444,12264827.707509158,0.06,0.07,0.0,0.0,0.065,0.0,1538.4615384615397,0.0,0.06281890213799768,0.0,0.5748037253802538,0.0,0.065,0.0,0,none
1774733456.95,566188,stressed,general,manual_review_required,0.2,5106542.833939314,9683351.784599973,0.11,0.12,0.0,0.0,0.11499999999999999,0.0,869.565217391304,0.0,0.119531516737503,0.0,0.17480123621207488,0.0,0.11499999999999999,0.0,0,none
1774733442.917,566187,calm,general,manual_review_required,0.2,5106542.703106642,8174002.215825508,0.88,0.89,0.0,0.0,0.885,0.0,112.99435028248598,0.0,0.8800030898613415,0.0,-0.11216200969326326,0.0,0.885,0.0,0,none
1774733414.199,566137,stressed,general,manual_review_required,0.2,5452142.568520546,3190162.2267860086,0.07,0.08,0.0,0.0,0.07500000000000001,0.0,1333.3333333333326,0.0,0.07352213139684999,0.0,0.0322853592626591,0.0,0.07500000000000001,0.0,0,none
1774733513.954,1753632,one_sided,sports,official_sports_feed,0.6,84781.9515619278,248241.7507480005,0.33,0.34,0.0,0.0,0.335,0.0,298.5074626865674,0.0,0.3399400648521805,0.0,0.9705915115878339,0.0,0.335,0.0,0,none
1774733516.512,1476618,one_sided,sports,official_sports_feed,0.6,8881.791316747665,449695.3094169992,0.45,0.46,0.0,0.0,0.455,0.0,219.78021978021997,0.0,0.4588721620640675,0.0,0.654669676527695,0.0,0.455,0.0,0,none
1774733517.605,1739839,calm,sports,official_sports_feed,0.6,2221.649288892746,5907675.510140992,0.75,0.76,0.0,0.0,0.755,0.0,132.45033112582794,0.0,0.7582742932773773,0.0,0.07978183436651202,0.0,0.755,0.0,0,none
1774733516.457,1753593,stressed,sports,official_sports_feed,0.6,66481.49629354477,444034.9760350001,0.24,0.25,0.0,0.0,0.245,0.0,408.1632653061228,0.0,0.249447081487245,0.0,0.7644921232955547,0.0,0.245,0.0,0,none
1774733518.598,1739838,stressed,sports,official_sports_feed,0.6,11821.370213747025,3815250.0722639943,0.28,0.29,0.0,0.0,0.28500000000000003,0.0,350.87719298245446,0.0,0.2856003353031182,0.0,-0.5058760129631286,0.0,0.28500000000000003,0.0,0,none
1774733514.184,658931,stressed,general,manual_review_required,0.2,527281.2264363766,1064510.3465089907,0.23,0.24,0.0,0.0,0.235,0.0,425.53191489361626,0.0,0.23007113626758766,0.0,0.8823809842777742,0.0,0.235,0.0,0,none
1774733513.13,1507751,stressed,politics,official_election_reporting,0.55,2773681.0873553753,12264827.707509158,0.06,0.07,0.0,0.0,0.065,0.0,1538.4615384615397,0.0,0.06281914637542092,0.0,0.5745595106071286,0.0,0.065,0.0,0,none
1774733518.813,566188,stressed,general,manual_review_required,0.2,5106480.95129323,9683351.784599973,0.11,0.12,0.0,0.0,0.11499999999999999,0.0,869.565217391304,0.0,0.11953256148666024,0.0,0.17481089666985142,0.0,0.11499999999999999,0.0,0,none
1774733518.124,566187,calm,general,manual_review_required,0.2,5106480.829162598,8174002.215825508,0.88,0.89,0.0,0.0,0.885,0.0,112.99435028248598,0.0,0.8800030898613415,0.0,-0.11216200969326326,0.0,0.885,0.0,0,none
1774733507.381,566137,stressed,general,manual_review_required,0.2,5452080.6926801205,3190162.2267860086,0.07,0.08,0.0,0.0,0.07500000000000001,0.0,1333.3333333333326,0.0,0.07352213139684999,0.0,0.03203216218695215,0.0,0.07500000000000001,0.0,0,none
1774733578.507,1753632,one_sided,sports,official_sports_feed,0.6,84720.2670943737,248241.7507480005,0.33,0.34,0.0,0.0,0.335,0.0,298.5074626865674,0.0,0.3399400648385805,0.0,0.9705723880739741,0.0,0.335,0.0,0,none
1774733572.32,1476618,one_sided,sports,official_sports_feed,0.6,8820.131280899048,449695.3094169992,0.45,0.46,0.0,0.0,0.455,0.0,219.78021978021997,0.0,0.458872111969628,0.0,0.6542745321479723,0.0,0.455,0.0,0,none
1774733570.221,1739839,calm,sports,official_sports_feed,0.6,2159.969520330429,5907675.510140992,0.75,0.76,0.0,0.0,0.755,0.0,132.45033112582794,0.0,0.7582843695541174,0.0,0.08533035502247123,0.0,0.755,0.0,0,none
1774733579.709,1753593,stressed,sports,official_sports_feed,0.6,66419.7850818634,444034.9760350001,0.24,0.25,0.0,0.0,0.245,0.0,408.1632653061228,0.0,0.2494556867952203,0.0,0.7678463820007457,0.0,0.245,0.0,0,none
1774733579.518,1739838,stressed,sports,official_sports_feed,0.6,11759.653377532959,3815250.0722639943,0.28,0.29,0.0,0.0,0.28500000000000003,0.0,350.87719298245446,0.0,0.2855971530885061,0.0,-0.50650700777115,0.0,0.28500000000000003,0.0,0,none
1774733570.185,658931,stressed,general,manual_review_required,0.2,527219.5314457417,1064510.3465089907,0.23,0.24,0.0,0.0,0.235,0.0,425.53191489361626,0.0,0.23007111405108574,0.0,0.8818226103231925,0.0,0.235,0.0,0,none
1774733579.559,1507751,stressed,politics,official_election_reporting,0.55,2773619.3829197884,12264827.707509158,0.06,0.07,0.0,0.0,0.065,0.0,1538.4615384615397,0.0,0.06282062201426941,0.0,0.5724893088279541,0.0,0.065,0.0,0,none
1774733575.402,566188,stressed,general,manual_review_required,0.2,5106419.255475521,9683351.784599973,0.11,0.12,0.0,0.0,0.11499999999999999,0.0,869.565217391304,0.0,0.11953256148666024,0.0,0.17481327143797898,0.0,0.11499999999999999,0.0,0,none
1774733569.203,566187,calm,general,manual_review_required,0.2,5106419.117748737,8174002.215825508,0.88,0.89,0.0,0.0,0.885,0.0,112.99435028248598,0.0,0.8800030898613415,0.0,-0.10654231102202008,0.0,0.885,0.0,0,none
1774733567.0,566137,stressed,general,manual_review_required,0.2,5452018.979949713,3190162.2267860086,0.07,0.08,0.0,0.0,0.07500000000000001,0.0,1333.3333333333326,0.0,0.07352213139684999,0.0,0.0322853592626591,0.0,0.07500000000000001,0.0,0,none
1774733626.1,1753632,one_sided,sports,official_sports_feed,0.6,84658.54053735733,248241.7507480005,0.33,0.34,0.0,0.0,0.335,0.0,298.5074626865674,0.0,0.3399400607958895,0.0,0.970571751849796,0.0,0.335,0.0,0,none
1774733635.109,1476618,one_sided,sports,official_sports_feed,0.6,8758.371151924133,449695.3094169992,0.45,0.46,0.0,0.0,0.455,0.0,219.78021978021997,0.0,0.4588719466951566,0.0,0.6542604705474261,0.0,0.455,0.0,0,none
1774733639.813,1739839,calm,sports,official_sports_feed,0.6,2098.129253387451,5907675.510140992,0.75,0.76,0.0,0.0,0.755,0.0,132.45033112582794,0.0,0.7582755544487371,0.0,0.0799267718063905,0.0,0.755,0.0,0,none
1774733641.977,1753593,stressed,sports,official_sports_feed,0.6,66357.9514632225,444034.9760350001,0.24,0.25,0.0,0.0,0.245,0.0,408.1632653061228,0.0,0.24949614616148397,0.0,0.7840472187454817,0.0,0.245,0.0,0,none
1774733641.543,1739838,stressed,sports,official_sports_feed,0.6,11697.688244581223,3815250.0722639943,0.28,0.29,0.0,0.0,0.28500000000000003,0.0,350.87719298245446,0.0,0.2855904293558838,0.0,-0.5069125359685412,0.0,0.28500000000000003,0.0,0,none
1774733651.853,1753632,one_sided,sports,official_sports_feed,0.6,84648.09409499168,248241.7507480005,0.33,0.34,0.66,0.67,0.335,0.665,298.5074626865674,150.3759398496242,0.3399400607958344,0.6600599392041655,0.9705207168832052,-0.9705199196594144,1.0,0.0,0,none
1774733643.325,1476618,one_sided,sports,official_sports_feed,0.6,8747.839470624924,449695.3094169992,0.45,0.46,0.54,0.55,0.455,0.545,219.78021978021997,183.48623853211024,0.4588719466951566,0.5411280533048435,0.6545210153010695,-0.6545210153010695,1.0,0.0,0,none
1774733647.503,1739839,calm,sports,official_sports_feed,0.6,2087.5908467769623,5907675.510140992,0.75,0.76,0.24,0.25,0.755,0.245,132.45033112582794,408.1632653061228,0.7582795642146571,0.2417204357853429,0.07999882799278368,-0.07999882799278368,1.0,0.0,0,none
1774733652.372,1753593,stressed,sports,official_sports_feed,0.6,66347.3519730568,444034.9760350001,0.24,0.25,0.75,0.76,0.245,0.755,408.1632653061228,132.45033112582794,0.24949617830783974,0.7505038216921603,0.7840600467079135,-0.7840600467079135,1.0,0.0,0,none
1774733649.302,1739838,stressed,sports,official_sports_feed,0.6,11687.095882177353,3815250.0722639943,0.28,0.29,0.71,0.72,0.28500000000000003,0.715,350.87719298245446,139.86013986014,0.2855904293558838,0.714409570644116,-0.5069460250749033,0.5069460250749033,1.0,0.0,0,none
1774733651.211,658931,stressed,general,manual_review_required,0.2,527146.8402802944,1064510.3465089907,0.23,0.24,0.76,0.77,0.235,0.765,425.53191489361626,130.71895424836612,0.2300711059581426,0.7699288940418575,0.8818165152452312,-0.8818165152452312,1.0,0.0,0,none
1774733651.401,1507751,stressed,politics,official_election_reporting,0.55,2773546.56991601,12264827.707509158,0.06,0.07,0.93,0.94,0.065,0.935,1538.4615384615397,106.95187165775292,0.06281934994787708,0.9371806500521228,0.5748352559804292,-0.5748352559804292,1.0,0.0,0,none
1774733653.567,566188,stressed,general,manual_review_required,0.2,5106346.323412895,9683351.784599973,0.11,0.12,0.88,0.89,0.11499999999999999,0.885,869.565217391304,112.99435028248598,0.11953256148666024,0.8804674385133398,0.17481327143797898,-0.17474654459339128,1.0,0.0,0,none
1774733650.334,566187,calm,general,manual_review_required,0.2,5106346.076158762,8174002.215825508,0.88,0.89,0.11,0.12,0.885,0.11499999999999999,112.99435028248598,869.565217391304,0.8800030898613415,0.1199969101386585,-0.10667102284946264,0.10667102284946264,1.0,0.0,0,none
1774733650.091,566137,stressed,general,manual_review_required,0.2,5451945.817737818,3190162.2267860086,0.07,0.08,0.92,0.93,0.07500000000000001,0.925,1333.3333333333326,108.1081081081082,0.07352213139684999,0.9264778686031502,0.03219903535510822,-0.03219903535510822,1.0,0.0,0,none
1774733737.136,1753632,one_sided,sports,official_sports_feed,0.6,84562.63770890236,248249.21343200048,0.33,0.34,0.66,0.67,0.335,0.665,298.5074626865674,150.3759398496242,0.3399391480634081,0.6600608519365919,0.9703438956184002,-0.9703438956184002,1.0,0.0,0,none
1774733736.725,1682607,stressed,sports,official_sports_feed,0.6,1462.3674037456512,1122475.394838999,0.32,0.33,0.67,0.68,0.325,0.675,307.69230769230796,148.14814814814827,0.3205217392605783,0.6794782607394216,-0.7107743500810944,0.7107743500810944,1.0,0.0,0,none
1774733733.058,1476618,one_sided,sports,official_sports_feed,0.6,8662.098193883896,449927.1975959992,0.45,0.46,0.54,0.55,0.455,0.545,219.78021978021997,183.48623853211024,0.4588836070658753,0.5411163929341247,0.659229591863155,-0.659229591863155,1.0,0.0,0,none
1774733736.122,1750513,one_sided,sports,official_sports_feed,0.6,1461.8128793239594,214428.627682,0.51,0.52,0.48,0.49,0.515,0.485,194.17475728155355,206.18556701030948,0.5198855288419396,0.4801144711580604,0.9696785866926584,-0.9696785866926584,1.0,0.0,0,none
1774733723.878,1739839,calm,sports,official_sports_feed,0.6,2001.5081279277802,5908154.068029992,0.75,0.76,0.24,0.25,0.755,0.245,132.45033112582794,408.1632653061228,0.7582438305376744,0.24175616946232567,0.09350037701517881,-0.09350037701517881,1.0,0.0,0,none
1774733738.319,1753593,stressed,sports,official_sports_feed,0.6,66261.2325360775,444041.55498000013,0.24,0.25,0.75,0.76,0.245,0.755,408.1632653061228,132.45033112582794,0.24950074351487697,0.7504992564851231,0.7858842229394777,-0.7858842229394777,1.0,0.0,0,none
1774733737.039,1739838,stressed,sports,official_sports_feed,0.6,11600.985817432404,3816659.734008994,0.28,0.29,0.71,0.72,0.28500000000000003,0.715,350.87719298245446,139.86013986014,0.28570923900343026,0.7142907609965697,-0.5106216120981684,0.5106216120981684,1.0,0.0,0,none
1774733738.42,658931,stressed,general,manual_review_required,0.2,527060.7348003387,1064510.3465089907,0.23,0.24,0.76,0.77,0.235,0.765,425.53191489361626,130.71895424836612,0.23007111405108574,0.7699288859489144,0.8817911195120434,-0.8817911195120434,1.0,0.0,0,none
1774733735.729,1507751,stressed,politics,official_election_reporting,0.55,2773460.4890863895,12265865.363875158,0.06,0.07,0.93,0.94,0.065,0.935,1538.4615384615397,106.95187165775292,0.06282336776971613,0.9371766322302838,0.5749769447597727,-0.5749769447597727,1.0,0.0,0,none
1774733735.967,566188,stressed,general,manual_review_required,0.2,5106260.251768351,9683372.117931971,0.11,0.12,0.88,0.89,0.11499999999999999,0.885,869.565217391304,112.99435028248598,0.11953256148666024,0.8804674385133398,0.174808974554269,-0.174808974554269,1.0,0.0,0,none
1774733727.25,566187,calm,general,manual_review_required,0.2,5106259.998920202,8174002.215825508,0.88,0.89,0.11,0.12,0.885,0.11499999999999999,112.99435028248598,869.565217391304,0.8800030898613415,0.1199969101386585,-0.10652209763783538,0.10652209763783538,1.0,0.0,0,none
1774733712.698,566137,stressed,general,manual_review_required,0.2,5451859.7270793915,3190162.2267860086,0.07,0.08,0.92,0.93,0.07500000000000001,0.925,1333.3333333333326,108.1081081081082,0.07352213139684999,0.9264778686031502,0.03211933710340182,-0.03211933710340182,1.0,0.0,0,none
1774733750.0,1753632,one_sided,sports,official_sports_feed,0.6,84549.81852769852,248249.21343200048,0.33,0.34,0.66,0.67,0.335,0.665,298.5074626865674,150.3759398496242,0.3399391480354597,0.6600608519645402,0.9703438822528904,-0.9703438822528904,1.0,0.0,0,none
1774733749.926,1682607,stressed,sports,official_sports_feed,0.6,1449.5524866580963,1122475.394838999,0.32,0.33,0.67,0.68,0.325,0.675,307.69230769230796,148.14814814814827,0.3205225381009593,0.6794774618990407,-0.7338135724581826,0.7338135724581826,1.0,0.0,0,none
1774733749.447,1476618,one_sided,sports,official_sports_feed,0.6,8649.3195271492,449927.1975959992,0.45,0.46,0.54,0.55,0.455,0.545,219.78021978021997,183.48623853211024,0.4588836070658753,0.5411163929341247,0.6555720722769267,-0.6555720722769267,1.0,0.0,0,none
1774733750.689,1750513,one_sided,sports,official_sports_feed,0.6,1449.068888425827,214428.627682,0.51,0.52,0.48,0.49,0.515,0.485,194.17475728155355,206.18556701030948,0.5198720641951623,0.48012793580483765,0.9688162534929141,-0.9688162534929141,1.0,0.0,0,none
1774733750.657,1739839,calm,sports,official_sports_feed,0.6,1988.8178493976593,5908154.068029992,0.75,0.76,0.24,0.25,0.755,0.245,132.45033112582794,408.1632653061228,0.7582446981589905,0.24175530184100955,0.09834538050209253,-0.09834538050209253,1.0,0.0,0,none
1774733751.393,1753593,stressed,sports,official_sports_feed,0.6,66248.5703997612,444041.55498000013,0.24,0.25,0.75,0.76,0.245,0.755,408.1632653061228,132.45033112582794,0.2494975087977008,0.7505024913622109,0.7846216426265487,-0.7846215788168927,1.0,0.0,0,none
1774733751.096,1739838,stressed,sports,official_sports_feed,0.6,11588.314947366714,3816659.734008994,0.28,0.29,0.71,0.72,0.28500000000000003,0.715,350.87719298245446,139.86013986014,0.28570615478394307,0.7142938452160569,-0.5107234686690619,0.5107234686690619,1.0,0.0,0,none
1774733738.42,658931,stressed,general,manual_review_required,0.2,527048.0627205372,1064510.3465089907,0.23,0.24,0.76,0.77,0.235,0.765,425.53191489361626,130.71895424836612,0.23007111405108574,0.7699288859489144,0.8817911195120434,-0.8817911195120434,1.0,0.0,0,none
1774733750.833,1507751,stressed,politics,official_election_reporting,0.55,2773447.800857067,12265865.363875158,0.06,0.07,0.93,0.94,0.065,0.935,1538.4615384615397,106.95187165775292,0.06282189031130171,0.9371781096886982,0.5748891850931047,-0.5748891850931047,1.0,0.0,0,none
1774733751.279,566188,stressed,general,manual_review_required,0.2,5106247.545674801,9683372.117931971,0.11,0.12,0.88,0.89,0.11499999999999999,0.885,869.565217391304,112.99435028248598,0.11953256148666024,0.8804674385133398,0.174808974554269,-0.174808974554269,1.0,0.0,0,none
1774733727.25,566187,calm,general,manual_review_required,0.2,5106247.240490198,8174002.215825508,0.88,0.89,0.11,0.12,0.885,0.11499999999999999,112.99435028248598,869.565217391304,0.8800030898613415,0.1199969101386585,-0.10652209763783538,0.10652209763783538,1.0,0.0,0,none
1774733712.698,566137,stressed,general,manual_review_required,0.2,5451846.984587431,3190162.2267860086,0.07,0.08,0.92,0.93,0.07500000000000001,0.925,1333.3333333333326,108.1081081081082,0.07352213139684999,0.9264778686031502,0.03211933710340182,-0.03211933710340182,1.0,0.0,0,none
1774733812.685,1753632,one_sided,sports,official_sports_feed,0.6,84486.46132278442,248249.21343200048,0.33,0.34,0.66,0.67,0.335,0.665,298.5074626865674,150.3759398496242,0.3399391183437236,0.6600608816562764,0.9703308546984134,-0.9703308546984134,1.0,0.0,0,none
1774733813.34,1682607,stressed,sports,official_sports_feed,0.6,1386.2211105823517,1122475.394838999,0.32,0.33,0.67,0.68,0.325,0.675,307.69230769230796,148.14814814814827,0.32033831179427236,0.6796616882057277,-0.7265962896724288,0.7265962896724288,1.0,0.0,0,none
1774733810.595,1476618,one_sided,sports,official_sports_feed,0.6,8585.94299030304,449927.1975959992,0.45,0.46,0.54,0.55,0.455,0.545,219.78021978021997,183.48623853211024,0.4588836070658753,0.5411163929341247,0.6589680267871111,-0.6589680267871111,1.0,0.0,0,none
1774733812.14,1750513,one_sided,sports,official_sports_feed,0.6,1385.6544663906097,214428.627682,0.51,0.52,0.48,0.49,0.515,0.485,194.17475728155355,206.18556701030948,0.5198720451434837,0.4801279548565162,0.9683870440895991,-0.9683870440895991,1.0,0.0,0,none
1774733812.352,1739839,calm,sports,official_sports_feed,0.6,1925.4285247325897,5908154.068029992,0.75,0.76,0.24,0.25,0.755,0.245,132.45033112582794,408.1632653061228,0.7582465397307581,0.2417534602692419,0.094553925632919,-0.094553925632919,1.0,0.0,0,none
1774733814.623,1753593,stressed,sports,official_sports_feed,0.6,66185.16244482994,444041.55498000013,0.24,0.25,0.75,0.76,0.245,0.755,408.1632653061228,132.45033112582794,0.2495005923263421,0.750499407673658,0.7866738102744099,-0.7866738102744099,1.0,0.0,0,none
1774733812.767,1739838,stressed,sports,official_sports_feed,0.6,11524.935139417648,3816659.734008994,0.28,0.29,0.71,0.72,0.28500000000000003,0.715,350.87719298245446,139.86013986014,0.28585048388327466,0.7141495161167253,-0.4888145678686641,0.4888145678686641,1.0,0.0,0,none
1774733810.025,658931,stressed,general,manual_review_required,0.2,526984.6735081673,1064510.3465089907,0.23,0.24,0.76,0.77,0.235,0.765,425.53191489361626,130.71895424836612,0.23007111405108574,0.7699288859489144,0.8824636394672484,-0.8824636394672484,1.0,0.0,0,none
1774733811.389,1507751,stressed,politics,official_election_reporting,0.55,2773384.4334316254,12265865.363875158,0.06,0.07,0.93,0.94,0.065,0.935,1538.4615384615397,106.95187165775292,0.06282208063356796,0.9371779193664318,0.5748854058528743,-0.5748854058528743,1.0,0.0,0,none
1774733814.362,566188,stressed,general,manual_review_required,0.2,5106184.1844005585,9683372.117931971,0.11,0.12,0.88,0.89,0.11499999999999999,0.885,869.565217391304,112.99435028248598,0.11953254889145455,0.8804674511085454,0.1748073064972929,-0.1748073064972929,1.0,0.0,0,none
1774733802.826,566187,calm,general,manual_review_required,0.2,5106183.937096357,8174002.215825508,0.88,0.89,0.11,0.12,0.885,0.11499999999999999,112.99435028248598,869.565217391304,0.8800030898613415,0.1199969101386585,-0.10652209763783538,0.10652209763783538,1.0,0.0,0,none
1774733776.44,566137,stressed,general,manual_review_required,0.2,5451783.669572353,3190162.2267860086,0.07,0.08,0.92,0.93,0.07500000000000001,0.925,1333.3333333333326,108.1081081081082,0.07352213139684999,0.9264778686031502,0.03219903535510822,-0.03219903535510822,1.0,0.0,0,none
1774733870.966,1753632,one_sided,sports,official_sports_feed,0.6,84423.13752484322,248249.21343200048,0.33,0.34,0.66,0.67,0.335,0.665,298.5074626865674,150.3759398496242,0.33993911349796185,0.6600608865020381,0.9703233541552936,-0.9703233541552936,1.0,0.0,0,none
1774733876.261,1682607,stressed,sports,official_sports_feed,0.6,1322.8771796226501,1122475.394838999,0.32,0.33,0.67,0.68,0.325,0.675,307.69230769230796,148.14814814814827,0.3203092290413338,0.6796907709586664,-0.7509474556267264,0.7509474556267264,1.0,0.0,0,none
1774733871.002,1476618,one_sided,sports,official_sports_feed,0.6,8522.597417354584,449927.1975959992,0.45,0.46,0.54,0.55,0.455,0.545,219.78021978021997,183.48623853211024,0.4588831897146206,0.5411168102853793,0.6589292556200391,-0.6589292556200391,1.0,0.0,0,none
1774733876.138,1750513,one_sided,sports,official_sports_feed,0.6,1322.3482463359833,214428.627682,0.51,0.52,0.48,0.49,0.515,0.485,194.17475728155355,206.18556701030948,0.5198691042574769,0.4801308957425231,0.968180431759499,-0.968180431759499,1.0,0.0,0,none
1774733877.773,1739839,calm,sports,official_sports_feed,0.6,1862.0803577899933,5908154.068029992,0.75,0.76,0.24,0.25,0.755,0.245,132.45033112582794,408.1632653061228,0.7582636714937773,0.2417363285062228,0.09405015361711262,-0.09405015361711262,1.0,0.0,0,none
1774733877.17,1753593,stressed,sports,official_sports_feed,0.6,66121.83777308464,444041.55498000013,0.24,0.25,0.75,0.76,0.245,0.755,408.1632653061228,132.45033112582794,0.24945483620327483,0.7505451637967252,0.7685746415792984,-0.7685746415792984,1.0,0.0,0,none
1774733878.111,1739838,stressed,sports,official_sports_feed,0.6,11461.569440603256,3816659.734008994,0.28,0.29,0.71,0.72,0.28500000000000003,0.715,350.87719298245446,139.86013986014,0.28585058680362274,0.7141494131963771,-0.4956301111048198,0.4956301111048198,1.0,0.0,0,none
1774733878.586,658931,stressed,general,manual_review_required,0.2,526921.2745299339,1064510.3465089907,0.23,0.24,0.76,0.77,0.235,0.765,425.53191489361626,130.71895424836612,0.23007111405108574,0.7699288859489144,0.8714375871618031,-0.8714170118843363,1.0,0.0,0,none
1774733875.394,1507751,stressed,politics,official_election_reporting,0.55,2773321.015976429,12265865.363875158,0.06,0.07,0.93,0.94,0.065,0.935,1538.4615384615397,106.95187165775292,0.06282203054627207,0.937177969453728,0.5728827773843934,-0.5728827773843934,1.0,0.0,0,none
1774733877.503,566188,stressed,general,manual_review_required,0.2,5106120.744763613,9683372.117931971,0.11,0.12,0.88,0.89,0.11499999999999999,0.885,869.565217391304,112.99435028248598,0.11953254889145455,0.8804674511085454,0.17480493172405676,-0.17480493172405676,1.0,0.0,0,none
1774733870.915,566187,calm,general,manual_review_required,0.2,5106120.448787212,8174002.215825508,0.88,0.89,0.11,0.12,0.885,0.11499999999999999,112.99435028248598,869.565217391304,0.8800030898613415,0.1199969101386585,-0.11219324893091234,0.11219324893091234,1.0,0.0,0,none
1774733873.281,566137,stressed,general,manual_review_required,0.2,5451720.15310359,3190162.2267860086,0.07,0.08,0.92,0.93,0.07500000000000001,0.925,1333.3333333333326,108.1081081081082,0.07352213139684999,0.9264778686031502,0.03211933710340182,-0.03211933710340182,1.0,0.0,0,none
1774733928.103,1753632,one_sided,sports,official_sports_feed,0.6,84359.5761461258,248249.21343200048,0.33,0.34,0.66,0.67,0.335,0.665,298.5074626865674,150.3759398496242,0.3399391044456129,0.660060895554387,0.9703209478179243,-0.9703209478179243,1.0,0.0,0,none
1774733940.254,1682607,stressed,sports,official_sports_feed,0.6,1259.315271139145,1123811.6430349993,0.32,0.33,0.67,0.68,0.325,0.675,307.69230769230796,148.14814814814827,0.3202848234935149,0.6797151765064853,-0.7600766339892487,0.7600766339892487,1.0,0.0,0,none
1774733937.644,1750513,one_sided,sports,official_sports_feed,0.6,1259.052106142044,214428.627682,0.51,0.52,0.48,0.49,0.515,0.485,194.17475728155355,206.18556701030948,0.5198691042574769,0.4801308957425231,0.968180431759499,-0.968180431759499,1.0,0.0,0,none
1774733937.558,1476618,one_sided,sports,official_sports_feed,0.6,8458.79152059555,450253.2845509992,0.45,0.46,0.54,0.55,0.455,0.545,219.78021978021997,183.48623853211024,0.4588895753900476,0.5411168102853793,0.6557937143473264,-0.6554638424413595,1.0,0.0,0,none
1774733940.784,1739839,calm,sports,official_sports_feed,0.6,1798.477613210678,5913841.133814992,0.75,0.76,0.24,0.25,0.755,0.245,132.45033112582794,408.1632653061228,0.7583227270587239,0.24167727294127606,0.09773475972896958,-0.09773475972896958,1.0,0.0,0,none
1774733940.955,1753593,stressed,sports,official_sports_feed,0.6,66058.16171503067,444041.55498000013,0.24,0.25,0.75,0.76,0.245,0.755,408.1632653061228,132.45033112582794,0.2494548194973011,0.7505451805026989,0.7677129372797759,-0.7677129372797759,1.0,0.0,0,none
1774733939.528,1739838,stressed,sports,official_sports_feed,0.6,11397.669606685638,3817273.900672994,0.28,0.29,0.71,0.72,0.28500000000000003,0.715,350.87719298245446,139.86013986014,0.28584144941999806,0.714158550580002,-0.4964070132412351,0.4964070132412351,1.0,0.0,0,none
1774733938.893,658931,stressed,general,manual_review_required,0.2,526857.3060951233,1064510.3465089907,0.23,0.24,0.76,0.77,0.235,0.765,425.53191489361626,130.71895424836612,0.23007111405108574,0.7699288859489144,0.882401480392721,-0.882401480392721,1.0,0.0,0,none
1774733939.389,1507751,stressed,politics,official_election_reporting,0.55,2773256.8706743717,12266465.990241157,0.06,0.07,0.93,0.94,0.065,0.935,1538.4615384615397,106.95187165775292,0.06282149113124977,0.9371785088687502,0.5755665830710217,-0.5755665830710217,1.0,0.0,0,none
1774733940.453,566188,stressed,general,manual_review_required,0.2,5106056.509811878,9683372.117931971,0.11,0.12,0.88,0.89,0.11499999999999999,0.885,869.565217391304,112.99435028248598,0.11953254889145455,0.8804674511085454,0.17480493172405676,-0.17480493172405676,1.0,0.0,0,none
1774733918.046,566187,calm,general,manual_review_required,0.2,5106056.161628008,8174002.215825508,0.88,0.89,0.11,0.12,0.885,0.11499999999999999,112.99435028248598,869.565217391304,0.8800030898613415,0.1199969101386585,-0.11219324893091234,0.11219324893091234,1.0,0.0,0,none
1774733902.774,566137,stressed,general,manual_review_required,0.2,5451655.769057512,3190162.2267860086,0.07,0.08,0.92,0.93,0.07500000000000001,0.925,1333.3333333333326,108.1081081081082,0.07352213139684999,0.9264778686031502,0.03219903535510822,-0.03219903535510822,1.0,0.0,0,none
1774734004.647,1753632,one_sided,sports,official_sports_feed,0.6,84295.14687490463,248249.21343200048,0.33,0.34,0.66,0.67,0.335,0.665,298.5074626865674,150.3759398496242,0.33993909536520117,0.6600609046347988,0.9703590087348453,-0.9703590087348453,1.0,0.0,0,none
1774734005.085,1682607,stressed,sports,official_sports_feed,0.6,1194.8754496574402,1123811.6430349993,0.32,0.33,0.67,0.68,0.325,0.675,307.69230769230796,148.14814814814827,0.3205653481416305,0.6794346404037691,-0.7344201648406304,0.7344177459028152,1.0,0.0,0,none
1774734005.261,1750513,one_sided,sports,official_sports_feed,0.6,1194.597013950348,214428.627682,0.51,0.52,0.48,0.49,0.515,0.485,194.17475728155355,206.18556701030948,0.5199216955831611,0.4800783044168388,0.9641597753451415,-0.9641336833103721,1.0,0.0,0,none
1774734004.711,1476618,one_sided,sports,official_sports_feed,0.6,8394.295355558395,450253.2845509992,0.45,0.46,0.54,0.55,0.455,0.545,219.78021978021997,183.48623853211024,0.45882449256927516,0.541175507430725,0.6504820329600378,-0.6504820329600378,1.0,0.0,0,none
1774734005.635,1739839,calm,sports,official_sports_feed,0.6,1734.0073928833008,5913841.133814992,0.75,0.76,0.24,0.25,0.755,0.245,132.45033112582794,408.1632653061228,0.7583203422937775,0.24167965770622243,0.0927289215688435,-0.0927289215688435,1.0,0.0,0,none
1774734002.134,1753593,stressed,sports,official_sports_feed,0.6,65993.67502498627,444041.55498000013,0.24,0.25,0.75,0.76,0.245,0.755,408.1632653061228,132.45033112582794,0.24945481089971952,0.7505451891002805,0.7677111375508211,-0.7677111375508211,1.0,0.0,0,none
1774734005.982,1739838,stressed,sports,official_sports_feed,0.6,11333.352704286575,3817273.900672994,0.28,0.29,0.71,0.72,0.28500000000000003,0.715,350.87719298245446,139.86013986014,0.28587185986816993,0.7141281401318301,-0.485138743198473,0.485138743198473,1.0,0.0,0,none
1774733996.723,658931,stressed,general,manual_review_required,0.2,526793.079161644,1064510.3465089907,0.23,0.24,0.76,0.77,0.235,0.765,425.53191489361626,130.71895424836612,0.23007111405108574,0.7699288859489144,0.882327111912562,-0.882327111912562,1.0,0.0,0,none
1774734005.364,1507751,stressed,politics,official_election_reporting,0.55,2773192.77883029,12266465.990241157,0.06,0.07,0.93,0.94,0.065,0.935,1538.4615384615397,106.95187165775292,0.06282158064812293,0.9371784193518771,0.575155910152442,-0.575155910152442,1.0,0.0,0,none
1774734002.816,566188,stressed,general,manual_review_required,0.2,5105992.521560669,9683372.117931971,0.11,0.12,0.88,0.89,0.11499999999999999,0.885,869.565217391304,112.99435028248598,0.11953252624356728,0.8804674737564328,0.17480193253808204,-0.17480193253808204,1.0,0.0,0,none
1774733994.059,566187,calm,general,manual_review_required,0.2,5105992.238436699,8174002.215825508,0.88,0.89,0.11,0.12,0.885,0.11499999999999999,112.99435028248598,869.565217391304,0.8800030898613415,0.1199969101386585,-0.11211949421625107,0.11211949421625107,1.0,0.0,0,none
1774733965.441,566137,stressed,general,manual_review_required,0.2,5451591.93264389,3190162.2267860086,0.07,0.08,0.92,0.93,0.07500000000000001,0.925,1333.3333333333326,108.1081081081082,0.07352213139684999,0.9264778686031502,0.03207550317681404,-0.03207550317681404,1.0,0.0,0,none
1774734067.483,1753632,one_sided,sports,official_sports_feed,0.6,84231.31931400299,248249.21343200048,0.33,0.34,0.66,0.67,0.335,0.665,298.5074626865674,150.3759398496242,0.3399379380246837,0.6600620619753162,0.9698114393267734,-0.9698114393267734,1.0,0.0,0,none
1774734068.283,1682607,stressed,sports,official_sports_feed,0.6,1131.0327711105347,1123811.6430349993,0.32,0.33,0.67,0.68,0.325,0.675,307.69230769230796,148.14814814814827,0.3204789272598278,0.6795210727401721,-0.7575762771716289,0.7575762771716289,1.0,0.0,0,none
1774734068.807,1750513,one_sided,sports,official_sports_feed,0.6,1130.723593711853,214428.627682,0.52,0.53,0.47,0.48,0.525,0.475,190.47619047619062,210.5263157894739,0.5283240299176166,0.4716759700823835,0.9522890267453885,-0.9522890267453885,1.0,0.0,0,none
1774734062.675,1476618,one_sided,sports,official_sports_feed,0.6,8330.433552265167,450253.2845509992,0.45,0.46,0.54,0.55,0.455,0.545,219.78021978021997,183.48623853211024,0.458824930085287,0.541175069914713,0.6505147765992698,-0.6505147765992698,1.0,0.0,0,none
1774734069.753,1739839,calm,sports,official_sports_feed,0.6,1670.1890876293182,5913841.133814992,0.75,0.76,0.24,0.25,0.755,0.245,132.45033112582794,408.1632653061228,0.7583201017477067,0.24167989825229322,0.08154777990301472,-0.08154976046935732,1.0,0.0,0,none
1774734069.869,1753593,stressed,sports,official_sports_feed,0.6,65929.86099886894,444041.55498000013,0.24,0.25,0.75,0.76,0.245,0.755,408.1632653061228,132.45033112582794,0.2494513583215668,0.7505486416784332,0.7679257065132801,-0.7679257065132801,1.0,0.0,0,none
1774734067.516,1739838,stressed,sports,official_sports_feed,0.6,11269.534051179886,3817273.900672994,0.28,0.29,0.71,0.72,0.28500000000000003,0.715,350.87719298245446,139.86013986014,0.28583235022532205,0.7141676497746778,-0.48944044329026837,0.48944044329026837,1.0,0.0,0,none
1774734068.056,658931,stressed,general,manual_review_required,0.2,526729.2665483952,1064510.3465089907,0.23,0.24,0.76,0.77,0.235,0.765,425.53191489361626,130.71895424836612,0.23007111405108574,0.7699288859489144,0.8834588657780685,-0.8834588657780685,1.0,0.0,0,none
1774734068.844,1507751,stressed,politics,official_election_reporting,0.55,2773129.0202903748,12266465.990241157,0.06,0.07,0.93,0.94,0.065,0.935,1538.4615384615397,106.95187165775292,0.0628231640185093,0.9371768359814906,0.5754430941719979,-0.5754430941719979,1.0,0.0,0,none
1774734066.274,566188,stressed,general,manual_review_required,0.2,5105928.732846022,9683372.117931971,0.11,0.12,0.88,0.89,0.11499999999999999,0.885,869.565217391304,112.99435028248598,0.11953252624356728,0.8804674737564328,0.21314034731906784,-0.21314034731906784,1.0,0.0,0,none
1774734053.781,566187,calm,general,manual_review_required,0.2,5105928.45283103,8174002.215825508,0.88,0.89,0.11,0.12,0.885,0.11499999999999999,112.99435028248598,869.565217391304,0.8800030898613415,0.1199969101386585,-0.11214182143530771,0.11214182143530771,1.0,0.0,0,none
1774734029.186,566137,stressed,general,manual_review_required,0.2,5451528.185703754,3190162.2267860086,0.07,0.08,0.92,0.93,0.07500000000000001,0.925,1333.3333333333326,108.1081081081082,0.07352213139684999,0.9264778686031502,0.03215508927412237,-0.03215508927412237,1.0,0.0,0,none
1774734125.239,1753632,one_sided,sports,official_sports_feed,0.6,84167.64940714836,248264.13880400045,0.33,0.34,0.66,0.67,0.335,0.665,298.5074626865674,150.3759398496242,0.3399398759913969,0.6600601240086031,0.9710899653108707,-0.9710899653108707,1.0,0.0,0,none
1774734132.388,1682607,stressed,sports,official_sports_feed,0.6,1067.371826171875,1138293.8479549994,0.31,0.32,0.68,0.69,0.315,0.685,317.4603174603177,145.9854014598525,0.3199979720416788,0.6800020279583213,-0.7678768721950522,0.7678768721950522,1.0,0.0,0,none
1774734132.847,1750513,one_sided,sports,official_sports_feed,0.6,1067.1269204616547,214533.47768199997,0.52,0.53,0.47,0.48,0.525,0.475,190.47619047619062,210.5263157894739,0.5248660052622417,0.4763748624053411,0.9600023827018849,-0.9613279354733635,1.0,0.0,0,none
1774734122.476,1476618,one_sided,sports,official_sports_feed,0.6,8266.86711549759,450375.2845509992,0.45,0.46,0.54,0.55,0.455,0.545,219.78021978021997,183.48623853211024,0.45882314076806285,0.5411768592319371,0.6503927961364673,-0.6503927961364673,1.0,0.0,0,none
1774734133.327,1739839,calm,sports,official_sports_feed,0.6,1606.6376152038574,5919820.344333992,0.75,0.76,0.24,0.25,0.755,0.245,132.45033112582794,408.1632653061228,0.7584604687741886,0.2415395312258114,0.08513845196846402,-0.08513915384392541,1.0,0.0,0,none
1774734130.928,1753593,stressed,sports,official_sports_feed,0.6,65866.37303853035,444054.7128710001,0.24,0.25,0.75,0.76,0.245,0.755,408.1632653061228,132.45033112582794,0.24945157174734234,0.7505484282526577,0.7674531467900508,-0.7674531467900508,1.0,0.0,0,none
1774734133.692,1739838,stressed,sports,official_sports_feed,0.6,11206.118018865585,3823205.208978994,0.28,0.29,0.71,0.72,0.28500000000000003,0.715,350.87719298245446,139.86013986014,0.2858636148515203,0.7141363851484797,-0.4858578406676349,0.4858578406676349,1.0,0.0,0,none
1774734132.454,658931,stressed,general,manual_review_required,0.2,526665.8555755615,1064510.3465089907,0.23,0.24,0.76,0.77,0.235,0.765,425.53191489361626,130.71895424836612,0.23007111405108574,0.7699288859489144,0.8821510038060228,-0.8821510038060228,1.0,0.0,0,none
1774734131.393,1507751,stressed,politics,official_election_reporting,0.55,2773065.591989279,12266465.990241157,0.06,0.07,0.93,0.94,0.065,0.935,1538.4615384615397,106.95187165775292,0.06282686637481436,0.9371731336251855,0.5754115718333782,-0.5754115718333782,1.0,0.0,0,none
1774734129.599,566188,stressed,general,manual_review_required,0.2,5105865.338068008,9683372.117931971,0.11,0.12,0.88,0.89,0.11499999999999999,0.885,869.565217391304,112.99435028248598,0.11953252624356728,0.8804674737564328,0.21314034731906784,-0.21314034731906784,1.0,0.0,0,none
1774734106.36,566187,calm,general,manual_review_required,0.2,5105865.089100122,8174002.215825508,0.88,0.89,0.11,0.12,0.885,0.11499999999999999,112.99435028248598,869.565217391304,0.8800030898613415,0.1199969101386585,-0.11214182143530771,0.11214182143530771,1.0,0.0,0,none
1774734091.761,566137,stressed,general,manual_review_required,0.2,5451464.863810539,3190162.2267860086,0.07,0.08,0.92,0.93,0.07500000000000001,0.925,1333.3333333333326,108.1081081081082,0.07352213139684999,0.9264778686031502,0.03207550317681404,-0.03207550317681404,1.0,0.0,0,none
1774734200.671,1753632,one_sided,sports,official_sports_feed,0.6,84099.27767968178,248264.13880400045,0.33,0.34,0.66,0.67,0.335,0.665,298.5074626865674,150.3759398496242,0.3399410841747901,0.6600589158252099,0.9713240769069432,-0.9713230443455462,1.0,0.0,0,none
1774734200.949,1682607,stressed,sports,official_sports_feed,0.6,998.9740636348724,1138293.8479549994,0.31,0.32,0.68,0.69,0.315,0.685,317.4603174603177,145.9854014598525,0.31634316501426,0.6836568349857399,-0.7752927391817266,0.7752927391817266,1.0,0.0,0,none
1774734200.292,1750513,one_sided,sports,official_sports_feed,0.6,998.7077462673187,214533.47768199997,0.52,0.53,0.47,0.48,0.525,0.475,190.47619047619062,210.5263157894739,0.5264742719771988,0.4735257280228013,0.9468390204645736,-0.9468390204645736,1.0,0.0,0,none
1774734198.117,1476618,one_sided,sports,official_sports_feed,0.6,8198.410746335983,450375.2845509992,0.45,0.46,0.54,0.55,0.455,0.545,219.78021978021997,183.48623853211024,0.45882338037328,0.54117661962672,0.653121648661938,-0.653121648661938,1.0,0.0,0,none
1774734200.716,1739839,calm,sports,official_sports_feed,0.6,1538.1318771839142,5919820.344333992,0.75,0.76,0.24,0.25,0.755,0.245,132.45033112582794,408.1632653061228,0.7584604622205133,0.24153953777948678,0.0895655617935711,-0.0895655617935711,1.0,0.0,0,none
1774734201.398,1753593,stressed,sports,official_sports_feed,0.6,65797.86593103409,444054.7128710001,0.24,0.25,0.75,0.76,0.245,0.755,408.1632653061228,132.45033112582794,0.24945151573934543,0.7505484842606545,0.767133660584788,-0.767133660584788,1.0,0.0,0,none
1774734200.93,1739838,stressed,sports,official_sports_feed,0.6,11137.551213979721,3823205.208978994,0.28,0.29,0.71,0.72,0.28500000000000003,0.715,350.87719298245446,139.86013986014,0.28586378035637344,0.7141362196436264,-0.49261965585466555,0.49261965585466555,1.0,0.0,0,none
1774734201.443,658931,stressed,general,manual_review_required,0.2,526597.2750244141,1064510.3465089907,0.23,0.24,0.76,0.77,0.235,0.765,425.53191489361626,130.71895424836612,0.23007111405108574,0.7699288859489144,0.882136560223325,-0.882136560223325,1.0,0.0,0,none
1774734195.389,1507751,stressed,politics,official_election_reporting,0.55,2772997.000612974,12266465.990241157,0.06,0.07,0.93,0.94,0.065,0.935,1538.4615384615397,106.95187165775292,0.06282551524864721,0.9371744847513528,0.5734673678873012,-0.5734673678873012,1.0,0.0,0,none
1774734198.372,566188,stressed,general,manual_review_required,0.2,5105796.725007534,9683372.117931971,0.11,0.12,0.88,0.89,0.11499999999999999,0.885,869.565217391304,112.99435028248598,0.11953252624356728,0.8804674737564328,0.21331845721731632,-0.21331845721731632,1.0,0.0,0,none
1774734200.364,566187,calm,general,manual_review_required,0.2,5105796.432527065,8174002.215825508,0.88,0.89,0.11,0.12,0.885,0.11499999999999999,112.99435028248598,869.565217391304,0.8800030822391788,0.1199969101386585,-0.11242035636765721,0.11229184223608235,1.0,0.0,0,none
1774734199.0,566137,stressed,general,manual_review_required,0.2,5451396.140022039,3190162.2267860086,0.07,0.08,0.92,0.93,0.07500000000000001,0.925,1333.3333333333326,108.1081081081082,0.07352213139684999,0.9264778686031502,0.032241732341635715,-0.032241732341635715,1.0,0.0,0,none
1774734264.252,1753632,one_sided,sports,official_sports_feed,0.6,84035.58338856697,248264.13880400045,0.33,0.34,0.66,0.67,0.335,0.665,298.5074626865674,150.3759398496242,0.3399386450641674,0.6600613549358326,0.9701507664714725,-0.9701507664714725,1.0,0.0,0,none
1774734259.336,1682607,stressed,sports,official_sports_feed,0.6,935.3082299232483,1138293.8479549994,0.31,0.32,0.68,0.69,0.315,0.685,317.4603174603177,145.9854014598525,0.31068391426015884,0.6893160857398412,-0.830061855461107,0.830061855461107,1.0,0.0,0,none
1774734263.619,1750513,one_sided,sports,official_sports_feed,0.6,935.070042848587,214533.47768199997,0.52,0.53,0.47,0.48,0.525,0.475,190.47619047619062,210.5263157894739,0.5265606579477747,0.47343934205222526,0.9474498256531323,-0.9474498256531323,1.0,0.0,0,none
1774734259.876,1476618,one_sided,sports,official_sports_feed,0.6,8134.811563014984,450375.2845509992,0.45,0.46,0.54,0.55,0.455,0.545,219.78021978021997,183.48623853211024,0.45881869527759345,0.5411813047224067,0.6494279459830371,-0.6494279459830371,1.0,0.0,0,none
1774734264.184,1739839,calm,sports,official_sports_feed,0.6,1474.5649936199188,5919820.344333992,0.75,0.76,0.24,0.25,0.755,0.245,132.45033112582794,408.1632653061228,0.7584604016478601,0.24153959835214006,0.08506012641685716,-0.08506012641685716,1.0,0.0,0,none
1774734264.986,1753593,stressed,sports,official_sports_feed,0.6,65734.2871556282,444054.7128710001,0.24,0.25,0.75,0.76,0.245,0.755,408.1632653061228,132.45033112582794,0.2494515920861476,0.7505484079138524,0.7671591894550177,-0.7671591894550177,1.0,0.0,0,none
1774734264.705,1739838,stressed,sports,official_sports_feed,0.6,11074.031618595123,3823205.208978994,0.28,0.29,0.71,0.72,0.28500000000000003,0.715,350.87719298245446,139.86013986014,0.2858335733069886,0.7141664266930114,-0.4893518963171881,0.4893518963171881,1.0,0.0,0,none
1774734261.04,658931,stressed,general,manual_review_required,0.2,526533.7734718323,1064510.3465089907,0.23,0.24,0.76,0.77,0.235,0.765,425.53191489361626,130.71895424836612,0.23006012451042301,0.7699398754895772,0.8827673886381593,-0.8827673886381593,1.0,0.0,0,none
1774734264.195,1507751,stressed,politics,official_election_reporting,0.55,2772933.508361101,12266465.990241157,0.06,0.07,0.93,0.94,0.065,0.935,1538.4615384615397,106.95187165775292,0.06282578386694118,0.9371742161330588,0.5757675685896771,-0.5757675685896771,1.0,0.0,0,none
1774734262.57,566188,stressed,general,manual_review_required,0.2,5105733.168135405,9683372.117931971,0.11,0.12,0.88,0.89,0.11499999999999999,0.885,869.565217391304,112.99435028248598,0.11953252624356728,0.8804674737564328,0.21314034731906784,-0.21314034731906784,1.0,0.0,0,none
1774734258.001,566187,calm,general,manual_review_required,0.2,5105732.884630442,8174002.215825508,0.88,0.89,0.11,0.12,0.885,0.11499999999999999,112.99435028248598,869.565217391304,0.8800030980602627,0.1199969019397372,-0.11226835985805968,0.11226835985805968,1.0,0.0,0,none
1774734265.24,566137,stressed,general,manual_review_required,0.2,5451332.602817535,3190162.2267860086,0.07,0.08,0.92,0.93,0.07500000000000001,0.925,1333.3333333333326,108.1081081081082,0.07352213139684999,0.9264778686031502,0.032032599897138865,-0.032032599897138865,1.0,0.0,0,none
1774734326.916,1753632,one_sided,sports,official_sports_feed,0.6,83971.9261496067,248264.13880400045,0.33,0.34,0.66,0.67,0.335,0.665,298.5074626865674,150.3759398496242,0.33993730481391043,0.6600626951860896,0.9695171367335258,-0.9695171367335258,1.0,0.0,0,none
1774734328.306,1682607,stressed,sports,official_sports_feed,0.6,871.6368346214294,1160405.880597002,0.31,0.32,0.68,0.69,0.315,0.685,317.4603174603177,145.9854014598525,0.31068392085292323,0.6893160791470766,-0.8298148051085737,0.8295545072662504,1.0,0.0,0,none
1774734327.787,1750513,one_sided,sports,official_sports_feed,0.6,871.3635158538818,278718.486141,0.52,0.53,0.47,0.48,0.525,0.475,190.47619047619062,210.5263157894739,0.529880707414387,0.4701192925856129,0.9548379053759319,-0.9548379053759319,1.0,0.0,0,none
1774734321.001,1476618,one_sided,sports,official_sports_feed,0.6,8071.094708681107,466882.6188929993,0.45,0.46,0.54,0.55,0.455,0.545,219.78021978021997,183.48623853211024,0.458818672713967,0.5411813272860331,0.6494261543965428,-0.6494261543965428,1.0,0.0,0,none
1774734329.095,1749866,one_sided,sports,official_sports_feed,0.6,870.8117456436157,557880.7879339968,0.48,0.49,0.51,0.52,0.485,0.515,206.18556701030948,194.17475728155355,0.4898683847843507,0.510131360140034,0.92187009532949,-0.9218902817393488,1.0,0.0,0,none
1774734327.794,1739839,calm,sports,official_sports_feed,0.6,1410.559246301651,5943614.1222149925,0.75,0.76,0.24,0.25,0.755,0.245,132.45033112582794,408.1632653061228,0.7584695711235995,0.24153042887640067,0.08558304023454026,-0.08558304023454026,1.0,0.0,0,none
1774734329.489,1753593,stressed,sports,official_sports_feed,0.6,65670.2968018055,449076.1928710001,0.24,0.25,0.75,0.76,0.245,0.755,408.1632653061228,132.45033112582794,0.24945219943056918,0.7505478005694308,0.76725611614284,-0.76725611614284,1.0,0.0,0,none
1774734327.531,1739838,stressed,sports,official_sports_feed,0.6,11009.997236251831,3827220.856952993,0.28,0.29,0.71,0.72,0.28500000000000003,0.715,350.87719298245446,139.86013986014,0.28583365651578685,0.7141663434842132,-0.489344971174284,0.489344971174284,1.0,0.0,0,none
1774734330.21,658931,stressed,general,manual_review_required,0.2,526469.7066552639,1064510.3465089907,0.23,0.24,0.76,0.77,0.235,0.765,425.53191489361626,130.71895424836612,0.23006012451042301,0.7699398823394575,0.8818286546452121,-0.8818235752366662,1.0,0.0,0,none
1774734328.48,1507751,stressed,politics,official_election_reporting,0.55,2772869.4441182613,12266465.990241157,0.06,0.07,0.93,0.94,0.065,0.935,1538.4615384615397,106.95187165775292,0.06282449790677988,0.9371755020932201,0.5680303048181191,-0.5680303048181191,1.0,0.0,0,none
1774734326.237,566188,stressed,general,manual_review_required,0.2,5105669.157584429,9683381.106694974,0.11,0.12,0.88,0.89,0.11499999999999999,0.885,869.565217391304,112.99435028248598,0.11953252624356728,0.8804674737564328,0.2132522841525174,-0.2132522841525174,1.0,0.0,0,none
1774734325.858,566187,calm,general,manual_review_required,0.2,5105668.862015963,8174002.215825508,0.88,0.89,0.11,0.12,0.885,0.11499999999999999,112.99435028248598,869.565217391304,0.8800030980602627,0.1199969019397372,-0.11202567713459546,0.11202567713459546,1.0,0.0,0,none
1774734157.945,566136,stressed,general,manual_review_required,0.2,5451268.517886639,4810463.825276987,0.12,0.13,0.87,0.88,0.125,0.875,800.0000000000007,114.28571428571439,0.12164914005276561,0.8783508599472344,-0.004258022100880534,0.004258022100880534,1.0,0.0,0,none
1774734326.002,566137,stressed,general,manual_review_required,0.2,5451268.262562752,3190162.2267860086,0.07,0.08,0.92,0.93,0.07500000000000001,0.925,1333.3333333333326,108.1081081081082,0.07352213139684999,0.9264778686031502,0.03228580054094768,-0.03228580054094768,1.0,0.0,0,none
1774734392.296,1753632,one_sided,sports,official_sports_feed,0.6,83907.67487287521,248264.13880400045,0.33,0.34,0.66,0.67,0.335,0.665,298.5074626865674,150.3759398496242,0.33993782242395365,0.6600621776052213,0.9697576643280489,-0.969757650408531,1.0,0.0,0,none
1774734392.503,1682607,stressed,sports,official_sports_feed,0.6,807.4481546878815,1160405.880597002,0.31,0.32,0.68,0.69,0.315,0.685,317.4603174603177,145.9854014598525,0.31067429388822665,0.6893257061117732,-0.826178069073117,0.8261585074646826,1.0,0.0,0,none
1774734392.586,1750513,stressed,sports,official_sports_feed,0.6,807.1995325088501,278718.486141,0.52,0.54,0.46,0.48,0.53,0.47,377.3584905660381,425.53191489361626,0.5397469319820872,0.46025306801791294,0.9760704065325345,-0.9760704065325345,1.0,0.0,0,none
1774734392.315,1476618,one_sided,sports,official_sports_feed,0.6,8006.9649958610535,466882.6188929993,0.45,0.46,0.54,0.55,0.455,0.545,219.78021978021997,183.48623853211024,0.458816952167345,0.5411830478326551,0.6493101591039989,-0.6493101591039989,1.0,0.0,0,none
1774734393.14,1749866,one_sided,sports,official_sports_feed,0.6,806.7226016521454,557880.7879339968,0.48,0.49,0.51,0.52,0.485,0.515,206.18556701030948,194.17475728155355,0.4899643580373856,0.5100356419626144,0.9278908708840282,-0.9278908708840282,1.0,0.0,0,none
1774734389.797,1739839,calm,sports,official_sports_feed,0.6,1346.479011774063,5943614.1222149925,0.75,0.76,0.24,0.25,0.755,0.245,132.45033112582794,408.1632653061228,0.7585317926226365,0.24146820737736355,0.0930850451085296,-0.0930850451085296,1.0,0.0,0,none
1774734393.553,1753593,stressed,sports,official_sports_feed,0.6,65606.22197842598,449076.1928710001,0.24,0.25,0.75,0.76,0.245,0.755,408.1632653061228,132.45033112582794,0.24945152161382284,0.7505484783861771,0.7671329241504352,-0.7671329241504352,1.0,0.0,0,none
1774734393.689,1739838,stressed,sports,official_sports_feed,0.6,10945.973829746246,3827220.856952993,0.28,0.29,0.71,0.72,0.28500000000000003,0.715,350.87719298245446,139.86013986014,0.28583340799487217,0.7141665920051279,-0.4893915579760983,0.4893915579760983,1.0,0.0,0,none
1774734390.143,658931,stressed,general,manual_review_required,0.2,526405.7074654102,1064510.3465089907,0.23,0.24,0.76,0.77,0.235,0.765,425.53191489361626,130.71895424836612,0.23006012451042301,0.7699398754895772,0.8827673886381593,-0.8827673886381593,1.0,0.0,0,none
1774734393.665,1507751,stressed,politics,official_election_reporting,0.55,2772805.451939106,12266465.990241157,0.06,0.07,0.93,0.94,0.065,0.935,1538.4615384615397,106.95187165775292,0.06282454801866559,0.9371754519813343,0.5677374213042314,-0.5677374213042314,1.0,0.0,0,none
1774734391.361,566188,stressed,general,manual_review_required,0.2,5105605.1917181015,9683381.106694974,0.11,0.12,0.88,0.89,0.11499999999999999,0.885,869.565217391304,112.99435028248598,0.11953386214379798,0.8804661378562022,0.20230262791104675,-0.20230262791104675,1.0,0.0,0,none
1774734394.138,566187,calm,general,manual_review_required,0.2,5105604.947066069,8174002.215825508,0.88,0.89,0.11,0.12,0.885,0.11499999999999999,112.99435028248598,869.565217391304,0.8800030980602627,0.1199969019397372,-0.11202567713459546,0.11202567713459546,1.0,0.0,0,none
1774734373.807,566136,stressed,general,manual_review_required,0.2,5451204.673546076,4810463.825276987,0.12,0.13,0.87,0.88,0.125,0.875,800.0000000000007,114.28571428571439,0.12164914005276561,0.8783508599472344,-0.004258022100880534,0.004258022100880534,1.0,0.0,0,none
1774734395.451,566137,stressed,general,manual_review_required,0.2,5451204.408692598,3190162.2267860086,0.07,0.08,0.92,0.93,0.07500000000000001,0.925,1333.3333333333326,108.1081081081082,0.07352213139684999,0.9264778686031502,0.032032599897138865,-0.032032599897138865,1.0,0.0,0,none
1774734456.086,1753632,one_sided,sports,official_sports_feed,0.6,83843.7427535057,248264.13880400045,0.33,0.34,0.66,0.67,0.335,0.665,298.5074626865674,150.3759398496242,0.3399378146137868,0.6600621853570222,0.9697522912730138,-0.9697523052008568,1.0,0.0,0,none
1774734456.55,1682607,stressed,sports,official_sports_feed,0.6,743.4034357070923,1160405.880597002,0.31,0.32,0.68,0.69,0.315,0.685,317.4603174603177,145.9854014598525,0.31055455133466153,0.6894454486653383,-0.8345721930566153,0.8367836510961503,1.0,0.0,0,none
1774734456.684,1750513,stressed,sports,official_sports_feed,0.6,743.1121201515198,278718.486141,0.52,0.54,0.46,0.48,0.53,0.47,377.3584905660381,425.53191489361626,0.5397829675360788,0.46021703246392115,0.9774861014750016,-0.9774861014750016,1.0,0.0,0,none
1774734454.19,1476618,one_sided,sports,official_sports_feed,0.6,7942.850553512573,466882.6188929993,0.45,0.46,0.54,0.55,0.455,0.545,219.78021978021997,183.48623853211024,0.45881525353575786,0.5411847464642422,0.6492508573653508,-0.6492508573653508,1.0,0.0,0,none
1774734457.38,1749866,one_sided,sports,official_sports_feed,0.6,742.5732266902924,557880.7879339968,0.48,0.49,0.51,0.52,0.485,0.515,206.18556701030948,194.17475728155355,0.4899621728316149,0.5100378271683851,0.932940330849003,-0.932940330849003,1.0,0.0,0,none
1774734457.083,1739839,calm,sports,official_sports_feed,0.6,1282.2969450950623,5943614.1222149925,0.75,0.76,0.24,0.25,0.755,0.245,132.45033112582794,408.1632653061228,0.7584367849886052,0.24156321501139472,0.09614209018815029,-0.09614209018815029,1.0,0.0,0,none
1774734457.57,1753593,stressed,sports,official_sports_feed,0.6,65542.01995110512,449076.1928710001,0.24,0.25,0.75,0.76,0.245,0.755,408.1632653061228,132.45033112582794,0.24945153084524124,0.7505484691547587,0.7671333850439382,-0.7671333850439382,1.0,0.0,0,none
1774734457.566,1739838,stressed,sports,official_sports_feed,0.6,10881.769415855408,3827220.856952993,0.28,0.29,0.71,0.72,0.28500000000000003,0.715,350.87719298245446,139.86013986014,0.28619805924705516,0.7138019407529448,-0.47170944296719475,0.47170944296719475,1.0,0.0,0,none
1774734454.852,658931,stressed,general,manual_review_required,0.2,526341.5165622234,1064510.3465089907,0.23,0.24,0.76,0.77,0.235,0.765,425.53191489361626,130.71895424836612,0.23006012451042301,0.7699398754895772,0.8821334693458369,-0.8821334693458369,1.0,0.0,0,none
1774734456.129,1507751,stressed,politics,official_election_reporting,0.55,2772741.22576046,12266465.990241157,0.06,0.07,0.93,0.94,0.065,0.935,1538.4615384615397,106.95187165775292,0.06282449790677988,0.9371755020932201,0.567736138430992,-0.567736138430992,1.0,0.0,0,none
1774734457.339,566188,stressed,general,manual_review_required,0.2,5105540.9508497715,9683381.106694974,0.11,0.12,0.88,0.89,0.11499999999999999,0.885,869.565217391304,112.99435028248598,0.11953386214379798,0.8804661378562022,0.20229587384591652,-0.20229587384591652,1.0,0.0,0,none
1774734453.71,566187,calm,general,manual_review_required,0.2,5105540.689717531,8174002.215825508,0.88,0.89,0.11,0.12,0.885,0.11499999999999999,112.99435028248598,869.565217391304,0.8800030980602627,0.1199969019397372,-0.10640580887459716,0.10640580887459716,1.0,0.0,0,none
1774734444.471,566136,stressed,general,manual_review_required,0.2,5451140.435736179,4810463.825276987,0.12,0.13,0.87,0.88,0.125,0.875,800.0000000000007,114.28571428571439,0.12164914005276561,0.8783508599472344,-0.004264386409549333,0.004264386409549333,1.0,0.0,0,none
1774734452.0,566137,stressed,general,manual_review_required,0.2,5451140.158584833,3190162.2267860086,0.07,0.08,0.92,0.93,0.07500000000000001,0.925,1333.3333333333326,108.1081081081082,0.07352213139684999,0.9264778686031502,0.03228580054094768,-0.03228580054094768,1.0,0.0,0,none
1774734516.731,1753632,one_sided,sports,official_sports_feed,0.6,83779.55997800827,248264.13880400045,0.33,0.34,0.66,0.67,0.335,0.665,298.5074626865674,150.3759398496242,0.33993772652656684,0.6600622734734332,0.9696622337084958,-0.9696622337084958,1.0,0.0,0,none
1774734520.214,1682607,stressed,sports,official_sports_feed,0.6,679.3254663944244,1161587.575597002,0.31,0.32,0.68,0.69,0.315,0.685,317.4603174603177,145.9854014598525,0.3105119117114134,0.6894880882885867,-0.8280030245859917,0.8280030245859917,1.0,0.0,0,none
1774734519.353,1750513,one_sided,sports,official_sports_feed,0.6,679.0501999855042,279273.936141,0.53,0.54,0.46,0.47,0.535,0.46499999999999997,186.91588785046744,215.05376344085923,0.5308965974106301,0.46910340258936983,0.9775352605305105,-0.9775352605305105,1.0,0.0,0,none
1774734521.173,1749866,one_sided,sports,official_sports_feed,0.6,678.7649502754211,579945.289610997,0.49,0.5,0.5,0.51,0.495,0.505,202.02020202020222,198.0198019801982,0.4987907268661132,0.5012092731338867,0.9246738988376393,-0.9246738988376393,1.0,0.0,0,none
1774734519.673,1476618,one_sided,sports,official_sports_feed,0.6,7878.495397090912,467122.24889299925,0.45,0.46,0.54,0.55,0.455,0.545,219.78021978021997,183.48623853211024,0.4588639756596968,0.5411360243403033,0.652666569742791,-0.652666569742791,1.0,0.0,0,none
1774734521.376,1739839,calm,sports,official_sports_feed,0.6,1218.2241809368134,5944852.822214993,0.75,0.76,0.24,0.25,0.755,0.245,132.45033112582794,408.1632653061228,0.7584416834265849,0.24155831657341506,0.0960062916678862,-0.0960062916678862,1.0,0.0,0,none
1774734521.708,1753593,stressed,sports,official_sports_feed,0.6,65477.97349715233,449076.1928710001,0.24,0.25,0.75,0.76,0.245,0.755,408.1632653061228,132.45033112582794,0.2494506369971716,0.7505493630028284,0.767637930879414,-0.767637930879414,1.0,0.0,0,none
1774734520.525,1739838,stressed,sports,official_sports_feed,0.6,10817.716150045395,3827303.856952993,0.28,0.29,0.71,0.72,0.28500000000000003,0.715,350.87719298245446,139.86013986014,0.28619562692627487,0.7138043730737251,-0.47860694106845497,0.47860694106845497,1.0,0.0,0,none
1774734520.89,658931,stressed,general,manual_review_required,0.2,526277.4487810135,1064558.9165089908,0.23,0.24,0.76,0.77,0.235,0.765,425.53191489361626,130.71895424836612,0.23006012451042301,0.7699398754895772,0.8828293680595637,-0.8828293680595637,1.0,0.0,0,none
1774734520.002,1507751,stressed,politics,official_election_reporting,0.55,2772677.1690027714,12266465.990241157,0.06,0.07,0.93,0.94,0.065,0.935,1538.4615384615397,106.95187165775292,0.06280439376265505,0.937195606237345,0.5646191725445407,-0.5646191725445407,1.0,0.0,0,none
1774734521.045,566188,stressed,general,manual_review_required,0.2,5105476.876491785,9683381.106694974,0.11,0.12,0.88,0.89,0.11499999999999999,0.885,869.565217391304,112.99435028248598,0.11953386214379798,0.8804661378562022,0.20229587384591652,-0.20229587384591652,1.0,0.0,0,none
1774734511.853,566187,calm,general,manual_review_required,0.2,5105476.575737238,8174002.215825508,0.88,0.89,0.11,0.12,0.885,0.11499999999999999,112.99435028248598,869.565217391304,0.8800030980602627,0.1199969019397372,-0.10640580887459716,0.10640580887459716,1.0,0.0,0,none
1774734478.915,566136,stressed,general,manual_review_required,0.2,5451076.313936472,4810463.825276987,0.12,0.13,0.87,0.88,0.125,0.875,800.0000000000007,114.28571428571439,0.12164914005276561,0.8783508599472344,-0.004253511840482219,0.004253511840482219,1.0,0.0,0,none
1774734517.752,566137,stressed,general,manual_review_required,0.2,5451076.059182644,3190162.2267860086,0.07,0.08,0.92,0.93,0.07500000000000001,0.925,1333.3333333333326,108.1081081081082,0.07352213139684999,0.9264778686031502,0.032032599897138865,-0.032032599897138865,1.0,0.0,0,none
1774734580.09,1753632,one_sided,sports,official_sports_feed,0.6,83715.41884303093,248264.13880400045,0.33,0.34,0.66,0.67,0.335,0.665,298.5074626865674,150.3759398496242,0.339937708018341,0.660062291981659,0.9699820246024002,-0.9699820246024002,1.0,0.0,0,none
1774734584.66,1682607,stressed,sports,official_sports_feed,0.6,615.1826593875885,1161587.575597002,0.31,0.32,0.68,0.69,0.315,0.685,317.4603174603177,145.9854014598525,0.3104667348443524,0.6895332651556475,-0.834982989624802,0.834982989624802,1.0,0.0,0,none
1774734584.813,1750513,stressed,sports,official_sports_feed,0.6,614.9523818492889,279273.936141,0.52,0.54,0.46,0.48,0.53,0.47,377.3584905660381,425.53191489361626,0.539831792501156,0.46016820749884413,0.9772690218967152,-0.9772690218967152,1.0,0.0,0,none
1774734585.272,1749866,one_sided,sports,official_sports_feed,0.6,614.6931993961334,579945.289610997,0.49,0.5,0.5,0.51,0.495,0.505,202.02020202020222,198.0198019801982,0.4989233063403604,0.5010766936596396,0.9297003136567527,-0.9297095176404331,1.0,0.0,0,none
1774734585.328,1476618,calm,sports,official_sports_feed,0.6,7814.461176633835,467122.24889299925,0.45,0.46,0.54,0.55,0.455,0.545,219.78021978021997,183.48623853211024,0.45886371874963094,0.5411362812503691,0.5953683944110357,-0.5953683944110357,1.0,0.0,0,none
1774734585.082,1739839,calm,sports,official_sports_feed,0.6,1154.209980726242,5944852.822214993,0.75,0.76,0.24,0.25,0.755,0.245,132.45033112582794,408.1632653061228,0.759279413669439,0.24072058633056104,0.11801491471079534,-0.11801491471079534,1.0,0.0,0,none
1774734585.784,1753593,stressed,sports,official_sports_feed,0.6,65413.96755838394,449076.1928710001,0.24,0.25,0.75,0.76,0.245,0.755,408.1632653061228,132.45033112582794,0.24945058295131797,0.7505494170486819,0.7669625278990175,-0.7669625278990175,1.0,0.0,0,none
1774734586.221,1739838,stressed,sports,official_sports_feed,0.6,10753.710775613785,3827303.856952993,0.28,0.29,0.71,0.72,0.28500000000000003,0.715,350.87719298245446,139.86013986014,0.28619652156843206,0.7138034622431244,-0.47174013397104564,0.4717396947499764,1.0,0.0,0,none
1774734586.356,658931,stressed,general,manual_review_required,0.2,526213.4547550678,1064558.9165089908,0.23,0.24,0.76,0.77,0.235,0.765,425.53191489361626,130.71895424836612,0.23006012451042301,0.7699398754895772,0.8825772667947724,-0.8825772667947724,1.0,0.0,0,none
1774734584.0,1507751,stressed,politics,official_election_reporting,0.55,2772613.214466095,12266465.990241157,0.06,0.07,0.93,0.94,0.065,0.935,1538.4615384615397,106.95187165775292,0.06280420593657315,0.9371957940634269,0.5670934213331196,-0.5670934213331196,1.0,0.0,0,none
1774734583.985,566188,stressed,general,manual_review_required,0.2,5105412.974545002,9683381.106694974,0.11,0.12,0.88,0.89,0.11499999999999999,0.885,869.565217391304,112.99435028248598,0.11953386214379798,0.8804661378562022,0.20234858470868247,-0.20234858470868247,1.0,0.0,0,none
1774734548.979,566187,calm,general,manual_review_required,0.2,5105412.723653078,8174002.215825508,0.88,0.89,0.11,0.12,0.885,0.11499999999999999,112.99435028248598,869.565217391304,0.8800030980602627,0.1199969019397372,-0.10640580887459716,0.10640580887459716,1.0,0.0,0,none
1774734478.915,566136,stressed,general,manual_review_required,0.2,5451012.479949474,4810463.825276987,0.12,0.13,0.87,0.88,0.125,0.875,800.0000000000007,114.28571428571439,0.12164914005276561,0.8783508599472344,-0.004253511840482219,0.004253511840482219,1.0,0.0,0,none
1774734578.001,566137,stressed,general,manual_review_required,0.2,5451012.20908618,3190162.2267860086,0.07,0.08,0.92,0.93,0.07500000000000001,0.925,1333.3333333333326,108.1081081081082,0.07352213139684999,0.9264778686031502,0.03228580054094768,-0.03228580054094768,1.0,0.0,0,none
1774734642.098,1753632,one_sided,sports,official_sports_feed,0.6,83651.6833896637,248264.13880400045,0.33,0.34,0.66,0.67,0.335,0.665,298.5074626865674,150.3759398496242,0.3399377202198352,0.6600622797801647,0.9699791647576403,-0.9699791647576403,1.0,0.0,0,none
1774734648.52,1682607,stressed,sports,official_sports_feed,0.6,551.4432168006897,1161587.575597002,0.3,0.31,0.69,0.7,0.305,0.695,327.8688524590167,143.8848920863311,0.3084443173482992,0.6915556826517008,-0.8230741693287463,0.8230783025964424,1.0,0.0,0,none
1774734637.722,1750513,stressed,sports,official_sports_feed,0.6,551.2131233215332,279273.936141,0.52,0.54,0.46,0.48,0.53,0.47,377.3584905660381,425.53191489361626,0.5399145603538247,0.46008543964617543,0.9772164845609498,-0.9772164845609498,1.0,0.0,0,none
1774734647.082,1749866,one_sided,sports,official_sports_feed,0.6,550.9574873447418,579945.289610997,0.49,0.5,0.5,0.51,0.495,0.505,202.02020202020222,198.0198019801982,0.4996101290641645,0.5003898709358356,0.9407676733792665,-0.9407676733792665,1.0,0.0,0,none
1774734648.533,1476618,calm,sports,official_sports_feed,0.6,7750.700844526291,467122.24889299925,0.45,0.46,0.54,0.55,0.455,0.545,219.78021978021997,183.48623853211024,0.45886442379215797,0.541135576207842,0.584264643814822,-0.584264643814822,1.0,0.0,0,none
1774734641.604,1739839,calm,sports,official_sports_feed,0.6,1090.481992483139,5944852.822214993,0.75,0.76,0.24,0.25,0.755,0.245,132.45033112582794,408.1632653061228,0.7593042020632974,0.24069579793670265,0.12319585358308356,-0.12319585358308356,1.0,0.0,0,none
1774734649.708,1753593,stressed,sports,official_sports_feed,0.6,65350.24742078781,449076.1928710001,0.24,0.25,0.75,0.76,0.245,0.755,408.1632653061228,132.45033112582794,0.2494497616780838,0.7505502252703621,0.7686700366360414,-0.768672001970412,1.0,0.0,0,none
1774734649.962,1739838,stressed,sports,official_sports_feed,0.6,10689.994116783142,3827303.856952993,0.28,0.29,0.71,0.72,0.28500000000000003,0.715,350.87719298245446,139.86013986014,0.28619749747546436,0.7138025187121791,-0.5433880835246888,0.5433884871594835,1.0,0.0,0,none
1774734648.529,658931,stressed,general,manual_review_required,0.2,526149.7289848328,1064558.9165089908,0.23,0.24,0.76,0.77,0.235,0.765,425.53191489361626,130.71895424836612,0.23001920381279164,0.7699807961872084,0.8743695109237493,-0.8743695109237493,1.0,0.0,0,none
1774734648.078,1507751,stressed,politics,official_election_reporting,0.55,2772549.4925296307,12266465.990241157,0.06,0.07,0.93,0.94,0.065,0.935,1538.4615384615397,106.95187165775292,0.0628046084589091,0.937195391541091,0.5647498782683964,-0.5647498782683964,1.0,0.0,0,none
1774734647.019,566188,stressed,general,manual_review_required,0.2,5105349.185002089,9683381.106694974,0.11,0.12,0.88,0.89,0.11499999999999999,0.885,869.565217391304,112.99435028248598,0.11953383701738746,0.8804661629826126,0.2023452842857384,-0.2023452842857384,1.0,0.0,0,none
1774734631.249,566187,calm,general,manual_review_required,0.2,5105348.933301687,8174002.215825508,0.88,0.89,0.11,0.12,0.885,0.11499999999999999,112.99435028248598,869.565217391304,0.8800030980602627,0.1199969019397372,-0.1064273338019773,0.1064273338019773,1.0,0.0,0,none
1774734635.361,566136,stressed,general,manual_review_required,0.2,5450948.679601669,4810463.825276987,0.12,0.13,0.87,0.88,0.125,0.875,800.0000000000007,114.28571428571439,0.12164914005276561,0.8783508599472344,-0.004253511840482219,0.004253511840482219,1.0,0.0,0,none
1774734644.093,566137,stressed,general,manual_review_required,0.2,5450948.444549799,3190162.2267860086,0.07,0.08,0.92,0.93,0.07500000000000001,0.925,1333.3333333333326,108.1081081081082,0.07352213139684999,0.9264778686031502,0.032032599897138865,-0.032032599897138865,1.0,0.0,0,none
1774734712.085,1753632,one_sided,sports,official_sports_feed,0.6,83587.87818312645,248264.13880400045,0.33,0.34,0.66,0.67,0.335,0.665,298.5074626865674,150.3759398496242,0.3399377032011078,0.6600622968281725,0.9699769281900877,-0.969977745097566,1.0,0.0,0,none
1774734711.927,1682607,stressed,sports,official_sports_feed,0.6,487.6241159439087,1168618.9539960022,0.3,0.31,0.69,0.7,0.305,0.695,327.8688524590167,143.8848920863311,0.30501154832385646,0.6949884516761433,-0.8048765123346476,0.8048765123346476,1.0,0.0,0,none
1774734712.524,1750513,one_sided,sports,official_sports_feed,0.6,487.3731234073639,289560.12835899997,0.52,0.53,0.47,0.48,0.525,0.475,190.47619047619062,210.5263157894739,0.5299999003219322,0.4700000996780677,0.9820270503083159,-0.981808585128065,1.0,0.0,0,none
1774734712.805,1749866,stressed,sports,official_sports_feed,0.6,487.1565341949463,582820.394724997,0.49,0.51,0.49,0.51,0.5,0.5,400.00000000000034,400.00000000000034,0.5060814599594098,0.4913929562710156,0.9353065008526386,-0.9466339728066917,1.0,0.0,0,none
1774734712.736,1476618,calm,sports,official_sports_feed,0.6,7686.92129945755,467122.24889299925,0.45,0.46,0.54,0.55,0.455,0.545,219.78021978021997,183.48623853211024,0.4588644957415795,0.5411355042584205,0.5842680425775397,-0.5842680425775397,1.0,0.0,0,none
1774734712.019,1739839,calm,sports,official_sports_feed,0.6,1026.6598975658417,5944865.282739992,0.75,0.76,0.24,0.25,0.755,0.245,132.45033112582794,408.1632653061228,0.7593115142218113,0.24068848577818877,0.1187141794469276,-0.1187141794469276,1.0,0.0,0,none
1774734709.185,1753593,stressed,sports,official_sports_feed,0.6,65286.42253804207,449141.9823410001,0.24,0.25,0.75,0.76,0.245,0.755,408.1632653061228,132.45033112582794,0.24944834548331074,0.7505516545166893,0.7687223466023287,-0.7687223466023287,1.0,0.0,0,none
1774734713.638,1739838,stressed,sports,official_sports_feed,0.6,10626.182417154312,3896490.5380579927,0.28,0.29,0.71,0.72,0.28500000000000003,0.715,350.87719298245446,139.86013986014,0.28619749691066493,0.7138025030893349,-0.5440712651850617,0.5440712651850617,1.0,0.0,0,none
1774734710.168,658931,stressed,general,manual_review_required,0.2,526085.9477939606,1064558.9165089908,0.23,0.24,0.76,0.77,0.235,0.765,425.53191489361626,130.71895424836612,0.23001920381279164,0.7699807961872084,0.8753761704035056,-0.8753761704035056,1.0,0.0,0,none
1774734711.998,1507751,stressed,politics,official_election_reporting,0.55,2772485.685921192,12266465.990241157,0.06,0.07,0.93,0.94,0.065,0.935,1538.4615384615397,106.95187165775292,0.06280607948125377,0.9371939205187463,0.5645692333811564,-0.5645692333811564,1.0,0.0,0,none
1774734713.38,566188,stressed,general,manual_review_required,0.2,5105285.438067913,9683381.106694974,0.11,0.12,0.88,0.89,0.11499999999999999,0.885,869.565217391304,112.99435028248598,0.11953383701738746,0.8804661629826126,0.2023452842857384,-0.2023452842857384,1.0,0.0,0,none
1774734658.238,566187,calm,general,manual_review_required,0.2,5105285.16646409,8174002.215825508,0.88,0.89,0.11,0.12,0.885,0.11499999999999999,112.99435028248598,869.565217391304,0.8800030980602627,0.1199969019397372,-0.1064273338019773,0.1064273338019773,1.0,0.0,0,none
1774734635.361,566136,stressed,general,manual_review_required,0.2,5450884.908035517,4810463.825276987,0.12,0.13,0.87,0.88,0.125,0.875,800.0000000000007,114.28571428571439,0.12164914005276561,0.8783508599472344,-0.004253511840482219,0.004253511840482219,1.0,0.0,0,none
1774734704.001,566137,stressed,general,manual_review_required,0.2,5450884.636027336,3190162.2267860086,0.07,0.08,0.92,0.93,0.07500000000000001,0.925,1333.3333333333326,108.1081081081082,0.07352213139684999,0.9264778686031502,0.03228580054094768,-0.03228580054094768,1.0,0.0,0,none
1774734771.86,1753632,one_sided,sports,official_sports_feed,0.6,83524.15538597107,248264.13880400045,0.33,0.34,0.66,0.67,0.335,0.665,298.5074626865674,150.3759398496242,0.3398611388791058,0.6601388611208941,0.934585736388023,-0.934585736388023,1.0,0.0,0,none
1774734775.992,1682607,stressed,sports,official_sports_feed,0.6,423.8893918991089,1168618.9539960022,0.3,0.31,0.69,0.7,0.305,0.695,327.8688524590167,143.8848920863311,0.3075541502417255,0.6924458497582744,-0.7929406971005207,0.792695015787088,1.0,0.0,0,none
1774734775.324,1750513,stressed,sports,official_sports_feed,0.6,423.57716727256775,289560.12835899997,0.52,0.54,0.46,0.48,0.53,0.47,377.3584905660381,425.53191489361626,0.5399992225957916,0.46000077740420847,0.9812214554339184,-0.9812214554339184,1.0,0.0,0,none
1774734776.613,1749866,one_sided,sports,official_sports_feed,0.6,423.33358216285706,582820.394724997,0.49,0.5,0.5,0.51,0.495,0.505,202.02020202020222,198.0198019801982,0.4999790059120014,0.5000209940879986,0.9445231589056953,-0.9445165371952963,1.0,0.0,0,none
1774734771.29,1476618,one_sided,sports,official_sports_feed,0.6,7623.078467845917,467122.24889299925,0.45,0.46,0.54,0.55,0.455,0.545,219.78021978021997,183.48623853211024,0.45879128001547465,0.5412087199845255,0.6640794961607609,-0.6640794961607609,1.0,0.0,0,none
1774734776.322,1739839,calm,sports,official_sports_feed,0.6,962.8217198848724,5944865.282739992,0.75,0.76,0.24,0.25,0.755,0.245,132.45033112582794,408.1632653061228,0.7593827542424231,0.24061724575757706,0.11889770499216279,-0.11889770499216279,1.0,0.0,0,none
1774734776.646,1753593,stressed,sports,official_sports_feed,0.6,65222.563600063324,449141.9823410001,0.24,0.25,0.75,0.76,0.245,0.755,408.1632653061228,132.45033112582794,0.24884261845587705,0.7511573815441231,0.5513227688151044,-0.5513227688151044,1.0,0.0,0,none
1774734776.999,1739838,stressed,sports,official_sports_feed,0.6,10562.322223186493,3896490.5380579927,0.28,0.29,0.71,0.72,0.28500000000000003,0.715,350.87719298245446,139.86013986014,0.2891214261382415,0.7108785738617586,-0.4860024281023869,0.4860024281023869,1.0,0.0,0,none
1774734773.852,658931,stressed,general,manual_review_required,0.2,526022.0680525303,1064558.9165089908,0.23,0.24,0.76,0.77,0.235,0.765,425.53191489361626,130.71895424836612,0.23001920381279164,0.7699807961872084,0.8849458274108891,-0.8849458274108891,1.0,0.0,0,none
1774734775.996,1507751,stressed,politics,official_election_reporting,0.55,2772421.8217184544,12266465.990241157,0.06,0.07,0.93,0.94,0.065,0.935,1538.4615384615397,106.95187165775292,0.06280504576621769,0.9371949542337825,0.5645743951098486,-0.5645743951098486,1.0,0.0,0,none
1774734773.523,566188,stressed,general,manual_review_required,0.2,5105221.535581112,9683381.106694974,0.11,0.12,0.88,0.89,0.11499999999999999,0.885,869.565217391304,112.99435028248598,0.11953383701738746,0.8804661629826126,0.20270358490552373,-0.20270358490552373,1.0,0.0,0,none
1774734755.898,566187,calm,general,manual_review_required,0.2,5105221.249969006,8174002.215825508,0.88,0.89,0.11,0.12,0.885,0.11499999999999999,112.99435028248598,869.565217391304,0.8800030980602627,0.1199969019397372,-0.1116986600263068,0.1116986600263068,1.0,0.0,0,none
1774734752.031,566136,stressed,general,manual_review_required,0.2,5450820.984990835,4810463.825276987,0.12,0.13,0.87,0.88,0.125,0.875,800.0000000000007,114.28571428571439,0.12164914005276561,0.8783508599472344,-0.0033321845183601584,0.0033321845183601584,1.0,0.0,0,none
1774734770.414,566137,stressed,general,manual_review_required,0.2,5450820.69213891,3190162.2267860086,0.07,0.08,0.92,0.93,0.07500000000000001,0.925,1333.3333333333326,108.1081081081082,0.07352213139684999,0.9264778686031502,0.0325440661754389,-0.0325440661754389,1.0,0.0,0,none
1774734839.569,1753632,one_sided,sports,official_sports_feed,0.6,83460.15029501915,248264.13880400045,0.33,0.34,0.66,0.67,0.335,0.665,298.5074626865674,150.3759398496242,0.3399195259792174,0.6600804740207826,0.9607034860227205,-0.9607034860227205,1.0,0.0,0,none
1774734839.448,1682607,stressed,sports,official_sports_feed,0.6,359.85499024391174,1168618.9539960022,0.31,0.32,0.68,0.69,0.315,0.685,317.4603174603177,145.9854014598525,0.31015387139668654,0.6898461286033134,-0.8105484525646386,0.8105484525646386,1.0,0.0,0,none
1774734839.232,1750513,stressed,sports,official_sports_feed,0.6,359.58083415031433,289560.12835899997,0.52,0.54,0.46,0.48,0.53,0.47,377.3584905660381,425.53191489361626,0.539358004181748,0.4606419958182521,0.9526890112388169,-0.9526890112388169,1.0,0.0,0,none
1774734840.592,1749866,one_sided,sports,official_sports_feed,0.6,359.3235082626343,582820.394724997,0.49,0.5,0.5,0.51,0.495,0.505,202.02020202020222,198.0198019801982,0.49970654448110297,0.500293455518897,0.935418482988353,-0.935418482988353,1.0,0.0,0,none
1774734831.73,1476618,one_sided,sports,official_sports_feed,0.6,7559.074785709381,467122.24889299925,0.45,0.46,0.54,0.55,0.455,0.545,219.78021978021997,183.48623853211024,0.45879128001547465,0.5412087199845255,0.6677098740392073,-0.6677098740392073,1.0,0.0,0,none
1774734839.415,1739839,calm,sports,official_sports_feed,0.6,898.8182525634766,5944865.282739992,0.75,0.76,0.24,0.25,0.755,0.245,132.45033112582794,408.1632653061228,0.7593750545976419,0.24062494540235815,0.11877436834124065,-0.11877436834124065,1.0,0.0,0,none
1774734840.955,1753593,stressed,sports,official_sports_feed,0.6,65158.543737888336,449141.9823410001,0.24,0.25,0.75,0.76,0.245,0.755,408.1632653061228,132.45033112582794,0.24928169724461194,0.7507183027553881,0.7055467354079908,-0.7055467354079908,1.0,0.0,0,none
1774734838.912,1739838,stressed,sports,official_sports_feed,0.6,10498.26036810875,3896490.5380579927,0.28,0.29,0.71,0.72,0.28500000000000003,0.715,350.87719298245446,139.86013986014,0.28617146002540556,0.7138285399745944,-0.5442683736619228,0.5442683736619228,1.0,0.0,0,none
1774734837.646,658931,stressed,general,manual_review_required,0.2,525957.9939568043,1064558.9165089908,0.23,0.24,0.76,0.77,0.235,0.765,425.53191489361626,130.71895424836612,0.23001920381279164,0.7699807961872084,0.87167011165203,-0.87167011165203,1.0,0.0,0,none
1774734839.996,1507751,stressed,politics,official_election_reporting,0.55,2772357.651063919,12266465.990241157,0.06,0.07,0.93,0.94,0.065,0.935,1538.4615384615397,106.95187165775292,0.06280730260059315,0.9371926973994069,0.5649335196329613,-0.5649335196329613,1.0,0.0,0,none
1774734842.635,566188,stressed,general,manual_review_required,0.2,5105157.316592932,9683381.106694974,0.11,0.12,0.88,0.89,0.11499999999999999,0.885,869.565217391304,112.99435028248598,0.11953383701738746,0.8804661629826126,0.20270358490552373,-0.20191279639251206,1.0,0.0,0,none
1774734819.18,566187,calm,general,manual_review_required,0.2,5105156.969058275,8174002.215825508,0.88,0.89,0.11,0.12,0.885,0.11499999999999999,112.99435028248598,869.565217391304,0.8800030980602627,0.1199969019397372,-0.11169839119770793,0.11169839119770793,1.0,0.0,0,none
1774734843.04,566136,stressed,general,manual_review_required,0.2,5450756.657946348,4810463.825276987,0.12,0.13,0.87,0.88,0.125,0.875,800.0000000000007,114.28571428571439,0.12164914005276561,0.8783508599472344,-0.00334071151575431,0.00334071151575431,1.0,0.0,0,none
1774734831.804,566137,stressed,general,manual_review_required,0.2,5450756.332113266,3190162.2267860086,0.07,0.08,0.92,0.93,0.07500000000000001,0.925,1333.3333333333326,108.1081081081082,0.07352213139684999,0.9264778686031502,0.03280528577462635,-0.03280528577462635,1.0,0.0,0,none
1774734899.217,1753632,one_sided,sports,official_sports_feed,0.6,83395.59051656723,250522.10954900045,0.33,0.34,0.66,0.67,0.335,0.665,298.5074626865674,150.3759398496242,0.33991952558454164,0.6600804744154584,0.9606476073855719,-0.9606476073855719,1.0,0.0,0,none
1774734904.69,1682607,stressed,sports,official_sports_feed,0.6,295.0788652896881,1220920.990340002,0.31,0.32,0.68,0.69,0.315,0.685,317.4603174603177,145.9854014598525,0.31013565455838016,0.6898643454416198,-0.7984726438601828,0.7984726438601828,1.0,0.0,0,none
1774734904.584,1750513,stressed,sports,official_sports_feed,0.6,294.750287771225,290200.2030389999,0.53,0.55,0.45,0.47,0.54,0.45999999999999996,370.3703703703707,434.7826086956514,0.5348468000773732,0.4651531999226269,0.9650916478443453,-0.9650916478443453,1.0,0.0,0,none
1774734905.31,1749866,one_sided,sports,official_sports_feed,0.6,294.44952297210693,589407.813541997,0.49,0.5,0.5,0.51,0.495,0.505,202.02020202020222,198.0198019801982,0.4991443509971651,0.500855649002835,0.9329725210213282,-0.9329725210213282,1.0,0.0,0,none
1774734900.316,1476618,one_sided,sports,official_sports_feed,0.6,7494.150598287582,479340.7941469993,0.45,0.46,0.54,0.55,0.455,0.545,219.78021978021997,183.48623853211024,0.458791253815296,0.5412087461847042,0.6677081664534842,-0.6677081664534842,1.0,0.0,0,none
1774734905.016,1739839,calm,sports,official_sports_feed,0.6,833.8544855117798,6049099.753259991,0.75,0.76,0.24,0.25,0.755,0.245,132.45033112582794,408.1632653061228,0.7592683337750796,0.24073166622492037,0.0930149804469162,-0.0930149804469162,1.0,0.0,0,none
1774734906.354,1753593,stressed,sports,official_sports_feed,0.6,65093.5315515995,449141.9823410001,0.24,0.25,0.75,0.76,0.245,0.755,408.1632653061228,132.45033112582794,0.24928175325643695,0.7507182470667421,0.7045307194936525,-0.704530599183487,1.0,0.0,0,none
1774734904.535,1739838,stressed,sports,official_sports_feed,0.6,10433.128848075867,3898079.054164992,0.28,0.29,0.71,0.72,0.28500000000000003,0.715,350.87719298245446,139.86013986014,0.28617121000324114,0.7138287899967587,-0.552369069212135,0.552369069212135,1.0,0.0,0,none
1774734907.052,658931,stressed,general,manual_review_required,0.2,525892.8195326328,1064558.9165089908,0.23,0.24,0.76,0.77,0.235,0.765,425.53191489361626,130.71895424836612,0.23006012451042301,0.7699398823394575,0.8705860538947217,-0.8705810843962253,1.0,0.0,0,none
1774734903.999,1507751,stressed,politics,official_election_reporting,0.55,2772292.452881813,12266537.418811155,0.06,0.07,0.93,0.94,0.065,0.935,1538.4615384615397,106.95187165775292,0.06280602003676714,0.937193979963233,0.5645919769112935,-0.5645919769112935,1.0,0.0,0,none
1774734905.763,566188,stressed,general,manual_review_required,0.2,5105092.136594772,9683391.106694974,0.11,0.12,0.88,0.89,0.11499999999999999,0.885,869.565217391304,112.99435028248598,0.11953383701738746,0.8804661629826126,0.2026038193464069,-0.2026038193464069,1.0,0.0,0,none
1774734863.115,566187,calm,general,manual_review_required,0.2,5105091.833189487,8174002.215825508,0.88,0.89,0.11,0.12,0.885,0.11499999999999999,112.99435028248598,869.565217391304,0.8800030980602627,0.1199969019397372,-0.11169839119770793,0.11169839119770793,1.0,0.0,0,none
1774734843.04,566136,stressed,general,manual_review_required,0.2,5450691.547804594,4810463.825276987,0.12,0.13,0.87,0.88,0.125,0.875,800.0000000000007,114.28571428571439,0.12164914005276561,0.8783508599472344,-0.00334071151575431,0.00334071151575431,1.0,0.0,0,none
1774734896.79,566137,stressed,general,manual_review_required,0.2,5450691.28689146,3190162.2267860086,0.07,0.08,0.92,0.93,0.07500000000000001,0.925,1333.3333333333326,108.1081081081082,0.07352213139684999,0.9264778686031502,0.0325440661754389,-0.0325440661754389,1.0,0.0,0,none
1774734968.768,1753632,one_sided,sports,official_sports_feed,0.6,83330.67003130913,250522.10954900045,0.33,0.34,0.66,0.67,0.335,0.665,298.5074626865674,150.3759398496242,0.33991951449347113,0.6600804855065289,0.9606477674378137,-0.9606477674378137,1.0,0.0,0,none
1774734967.463,1682607,stressed,sports,official_sports_feed,0.6,230.39013981819153,1220920.990340002,0.31,0.32,0.68,0.69,0.315,0.685,317.4603174603177,145.9854014598525,0.3104287692807803,0.6895712307192199,-0.768833158486763,0.768833158486763,1.0,0.0,0,none
1774734969.786,1750513,one_sided,sports,official_sports_feed,0.6,230.12726593017578,290200.2030389999,0.53,0.54,0.46,0.47,0.535,0.46499999999999997,186.91588785046744,215.05376344085923,0.5305147624400923,0.4693958752864385,0.9784713116534174,-0.9785207335532298,1.0,0.0,0,none
1774734970.092,1749866,one_sided,sports,official_sports_feed,0.6,229.8628213405609,589407.813541997,0.49,0.5,0.5,0.51,0.495,0.505,202.02020202020222,198.0198019801982,0.49939811675943946,0.5006018832405605,0.9329235637052781,-0.9329370538521499,1.0,0.0,0,none
1774734957.653,1476618,one_sided,sports,official_sports_feed,0.6,7429.617425203323,479340.7941469993,0.45,0.46,0.54,0.55,0.455,0.545,219.78021978021997,183.48623853211024,0.4587995471349923,0.5412004528650078,0.6646152944949192,-0.6646152944949192,1.0,0.0,0,none
1774734969.173,1739839,calm,sports,official_sports_feed,0.6,769.3519518375397,6049099.753259991,0.76,0.77,0.23,0.24,0.765,0.235,130.71895424836612,425.53191489361626,0.7604595697686861,0.2395404302313139,0.10767148485444657,-0.10767148485444657,1.0,0.0,0,none
1774734969.718,1753593,stressed,sports,official_sports_feed,0.6,65029.06736731529,449141.9823410001,0.24,0.25,0.75,0.76,0.245,0.755,408.1632653061228,132.45033112582794,0.2492778136376783,0.7507221863623218,0.7041065893162631,-0.7041065893162631,1.0,0.0,0,none
1774734970.53,1739838,stressed,sports,official_sports_feed,0.6,10368.798936605453,3898079.054164992,0.28,0.29,0.71,0.72,0.28500000000000003,0.715,350.87719298245446,139.86013986014,0.2861723524399811,0.7138276475600188,-0.4781370618938215,0.4781370618938215,1.0,0.0,0,none
1774734971.076,658931,stressed,general,manual_review_required,0.2,525828.5466845036,1064558.9165089908,0.23,0.24,0.76,0.77,0.235,0.765,425.53191489361626,130.71895424836612,0.2300578588707628,0.7699421411292374,0.8809051897986055,-0.8809051897986055,1.0,0.0,0,none
1774734967.994,1507751,stressed,politics,official_election_reporting,0.55,2772228.2986593246,12266537.418811155,0.06,0.07,0.93,0.94,0.065,0.935,1538.4615384615397,106.95187165775292,0.06280400609059177,0.9371959939094082,0.5670555769811557,-0.5670555769811557,1.0,0.0,0,none
1774734969.111,566188,stressed,general,manual_review_required,0.2,5105028.030616999,9683391.106694974,0.11,0.12,0.88,0.89,0.11499999999999999,0.885,869.565217391304,112.99435028248598,0.11953383701738746,0.8804661629826126,0.2026038193464069,-0.2026038193464069,1.0,0.0,0,none
1774734939.723,566187,calm,general,manual_review_required,0.2,5105027.752791405,8174002.215825508,0.88,0.89,0.11,0.12,0.885,0.11499999999999999,112.99435028248598,869.565217391304,0.8800030980602627,0.1199969019397372,-0.11169839119770793,0.11169839119770793,1.0,0.0,0,none
1774734843.04,566136,stressed,general,manual_review_required,0.2,5450627.484113216,4810463.825276987,0.12,0.13,0.87,0.88,0.125,0.875,800.0000000000007,114.28571428571439,0.12164914005276561,0.8783508599472344,-0.00334071151575431,0.00334071151575431,1.0,0.0,0,none
1774734957.0,566137,stressed,general,manual_review_required,0.2,5450627.253219366,3190162.2267860086,0.07,0.08,0.92,0.93,0.07500000000000001,0.925,1333.3333333333326,108.1081081081082,0.07352213139684999,0.9264778686031502,0.03280528577462635,-0.03280528577462635,1.0,0.0,0,none
1774735030.407,1753632,one_sided,sports,official_sports_feed,0.6,83266.71857404709,250522.10954900045,0.33,0.34,0.66,0.67,0.335,0.665,298.5074626865674,150.3759398496242,0.3399195403023459,0.6600804596976539,0.9606510810355392,-0.9606510810355392,1.0,0.0,0,none
1774735030.532,1682607,closing,sports,official_sports_feed,0.6,166.4736921787262,1220920.990340002,0.31,0.32,0.68,0.69,0.315,0.685,317.4603174603177,145.9854014598525,0.31028017462380836,0.6897198253761917,-0.7813880644034334,0.7813880644034334,1.0,0.0,0,none
1774735033.333,1750513,closing,sports,official_sports_feed,0.6,166.2033658027649,290200.2030389999,0.53,0.54,0.46,0.47,0.535,0.46499999999999997,186.91588785046744,215.05376344085923,0.530448025018696,0.46955197498130397,0.9805169430025682,-0.9805169430025682,1.0,0.0,0,none
1774735033.862,1749866,closing,sports,official_sports_feed,0.6,165.95261359214783,589407.813541997,0.49,0.5,0.5,0.51,0.495,0.505,202.02020202020222,198.0198019801982,0.49942967258521254,0.5005703274147875,0.9318414401402553,-0.9318414401402553,1.0,0.0,0,none
1774735022.276,1476618,calm,sports,official_sports_feed,0.6,7365.6910572052,479340.7941469993,0.45,0.46,0.54,0.55,0.455,0.545,219.78021978021997,183.48623853211024,0.45879875194060105,0.541201248059399,0.578183173526319,-0.578183173526319,1.0,0.0,0,none
1774735033.334,1739839,calm,sports,official_sports_feed,0.6,705.4364778995514,6049099.753259991,0.76,0.77,0.23,0.24,0.765,0.235,130.71895424836612,425.53191489361626,0.7604637038353442,0.2395362961646558,0.11232275333396105,-0.11232275333396105,1.0,0.0,0,none
1774735034.666,1753593,stressed,sports,official_sports_feed,0.6,64965.154718875885,449141.9823410001,0.24,0.25,0.75,0.76,0.245,0.755,408.1632653061228,132.45033112582794,0.24928304766788384,0.7507169523321163,0.706047700366482,-0.706047700366482,1.0,0.0,0,none
1774735033.145,1739838,stressed,sports,official_sports_feed,0.6,10304.8873026371,3898079.054164992,0.28,0.29,0.71,0.72,0.28500000000000003,0.715,350.87719298245446,139.86013986014,0.28615884291470994,0.71384115708529,-0.4785590764463875,0.4785590764463875,1.0,0.0,0,none
1774735026.2,658931,stressed,general,manual_review_required,0.2,525764.6346819401,1064558.9165089908,0.23,0.24,0.76,0.77,0.235,0.765,425.53191489361626,130.71895424836612,0.2300578588707628,0.7699421411292374,0.8809083899038155,-0.8809083899038155,1.0,0.0,0,none
1774735031.995,1507751,stressed,politics,official_election_reporting,0.55,2772164.380261421,12266537.418811155,0.06,0.07,0.93,0.94,0.065,0.935,1538.4615384615397,106.95187165775292,0.06281324583704301,0.9371867541629569,0.567372604946737,-0.567372604946737,1.0,0.0,0,none
1774735032.975,566188,stressed,general,manual_review_required,0.2,5104964.138131857,9683391.106694974,0.11,0.12,0.88,0.89,0.11499999999999999,0.885,869.565217391304,112.99435028248598,0.11953383701738746,0.8804661629826126,0.2026038193464069,-0.2026038193464069,1.0,0.0,0,none
1774735029.395,566187,calm,general,manual_review_required,0.2,5104963.869104385,8174002.215825508,0.88,0.89,0.11,0.12,0.885,0.11499999999999999,112.99435028248598,869.565217391304,0.8800030980602627,0.1199969019397372,-0.11169839119770793,0.11169839119770793,1.0,0.0,0,none
1774735018.48,566136,stressed,general,manual_review_required,0.2,5450563.600766182,4810463.825276987,0.12,0.13,0.87,0.88,0.125,0.875,800.0000000000007,114.28571428571439,0.12164914005276561,0.8783508599472344,-0.00334071151575431,0.00334071151575431,1.0,0.0,0,none
1774735023.26,566137,stressed,general,manual_review_required,0.2,5450563.357111454,3190162.2267860086,0.07,0.08,0.92,0.93,0.07500000000000001,0.925,1333.3333333333326,108.1081081081082,0.07352213139684999,0.9264778686031502,0.0325440661754389,-0.0325440661754389,1.0,0.0,0,none
1774735097.434,1753632,one_sided,sports,official_sports_feed,0.6,83202.53374862671,250527.10954900045,0.33,0.34,0.66,0.67,0.335,0.665,298.5074626865674,150.3759398496242,0.339919540454321,0.6600804594950882,0.9606487977713303,-0.9606488218957886,1.0,0.0,0,none
1774735097.668,1682607,closing,sports,official_sports_feed,0.6,102.26285886764526,1318070.0950270027,0.31,0.32,0.68,0.69,0.315,0.685,317.4603174603177,145.9854014598525,0.31002008596166186,0.689979914038338,-0.7756146802512477,0.7756146802512477,1.0,0.0,0,none
1774735095.863,1750513,closing,sports,official_sports_feed,0.6,101.98321175575256,307443.4382689998,0.53,0.54,0.46,0.47,0.535,0.46499999999999997,186.91588785046744,215.05376344085923,0.5300080339841186,0.4699919660158814,0.9538890042462881,-0.9538890042462881,1.0,0.0,0,none
1774735098.216,1749866,closing,sports,official_sports_feed,0.6,101.7124354839325,634658.7633189969,0.49,0.5,0.5,0.51,0.495,0.505,202.02020202020222,198.0198019801982,0.49933494078317986,0.5006650592168201,0.9305031337070393,-0.9305031337070393,1.0,0.0,0,none
1774735076.132,1476618,calm,sports,official_sports_feed,0.6,7301.4454691410065,495215.97979599936,0.45,0.46,0.54,0.55,0.455,0.545,219.78021978021997,183.48623853211024,0.45879898204579367,0.5412010179542064,0.578172067607112,-0.578172067607112,1.0,0.0,0,none
1774735096.468,1739839,calm,sports,official_sports_feed,0.6,641.1677808761597,6144477.02635599,0.76,0.77,0.23,0.24,0.765,0.235,130.71895424836612,425.53191489361626,0.7605142875800658,0.2394857124199342,0.11412199052297144,-0.11412199052297144,1.0,0.0,0,none
1774735099.071,1739838,stressed,sports,official_sports_feed,0.6,10240.864420175552,3908862.091939992,0.28,0.29,0.71,0.72,0.28500000000000003,0.715,350.87719298245446,139.86013986014,0.2882326020613782,0.7117674105223154,-0.5960598177996862,0.5953155629260316,1.0,0.0,0,none
1774735097.606,1753593,stressed,sports,official_sports_feed,0.6,64900.600737571716,449201.9823410001,0.24,0.25,0.75,0.76,0.245,0.755,408.1632653061228,132.45033112582794,0.2492846600447158,0.7507153399552843,0.7056005631242112,-0.7056005631242112,1.0,0.0,0,none
1774735099.558,658931,stressed,general,manual_review_required,0.2,525700.3278701305,1064568.9165089908,0.23,0.24,0.76,0.77,0.235,0.765,425.53191489361626,130.71895424836612,0.23005785227750042,0.7699421477224998,0.8810304509902498,-0.8810304509902498,1.0,0.0,0,none
1774735095.993,1507751,stressed,politics,official_election_reporting,0.55,2772100.0488803387,12266537.418811155,0.06,0.07,0.93,0.94,0.065,0.935,1538.4615384615397,106.95187165775292,0.06281300723395879,0.9371869927660411,0.5673361517140306,-0.5673361517140306,1.0,0.0,0,none
1774735099.603,566188,stressed,general,manual_review_required,0.2,5104899.776202202,9683391.106694974,0.11,0.12,0.88,0.89,0.11499999999999999,0.885,869.565217391304,112.99435028248598,0.11953383701738746,0.8804661629826126,0.20250428840954707,-0.20250428840954707,1.0,0.0,0,none
1774735099.6,566187,calm,general,manual_review_required,0.2,5104899.375517607,8174002.215825508,0.88,0.89,0.11,0.12,0.885,0.11499999999999999,112.99435028248598,869.565217391304,0.8800030846421116,0.11999691535788821,-0.11190174341942932,0.11190174341942932,1.0,0.0,0,none
1774735080.613,566136,stressed,general,manual_review_required,0.2,5450499.085071325,4810463.825276987,0.12,0.13,0.87,0.88,0.125,0.875,800.0000000000007,114.28571428571439,0.12164914005276561,0.8783508599472344,-0.003334335394115406,0.003334335394115406,1.0,0.0,0,none
1774735084.0,566137,stressed,general,manual_review_required,0.2,5450498.780558586,3190162.2267860086,0.07,0.08,0.92,0.93,0.07500000000000001,0.925,1333.3333333333326,108.1081081081082,0.07352213139684999,0.9264778686031502,0.03280528577462635,-0.03280528577462635,1.0,0.0,0,none
1774735161.471,1753632,one_sided,sports,official_sports_feed,0.6,83138.23504018784,250527.10954900045,0.33,0.34,0.66,0.67,0.335,0.665,298.5074626865674,150.3759398496242,0.33991954055550244,0.6600804594444974,0.9606500522039398,-0.9606500522039398,1.0,0.0,0,none
1774735161.982,1682607,terminal,sports,official_sports_feed,0.6,37.98862171173096,1318070.0950270027,0.3,0.31,0.69,0.7,0.305,0.695,327.8688524590167,143.8848920863311,0.3089493771172334,0.6910506228827666,-0.7183013737610535,0.7182069020117803,1.0,0.0,0,none
1774735162.24,1750513,terminal,sports,official_sports_feed,0.6,37.71589255332947,307443.4382689998,0.53,0.54,0.46,0.47,0.535,0.46499999999999997,186.91588785046744,215.05376344085923,0.5300080364775596,0.4699919635224405,0.9574326073974904,-0.9573846364154711,1.0,0.0,0,none
1774735162.253,1749866,terminal,sports,official_sports_feed,0.6,37.46776580810547,634658.7633189969,0.49,0.5,0.5,0.51,0.495,0.505,202.02020202020222,198.0198019801982,0.49908737778934553,0.5009126222106544,0.9377874756503912,-0.9377874756503912,1.0,0.0,0,none
1774735152.613,1476618,calm,sports,official_sports_feed,0.6,7237.156650304794,495215.97979599936,0.45,0.46,0.54,0.55,0.455,0.545,219.78021978021997,183.48623853211024,0.45879898204579367,0.5412010179542064,0.5824124237428616,-0.5824124237428616,1.0,0.0,0,none
1774735162.767,1739839,calm,sports,official_sports_feed,0.6,576.8871173858643,6144477.02635599,0.76,0.77,0.23,0.24,0.765,0.235,130.71895424836612,425.53191489361626,0.7605146801146084,0.23948531988539143,0.11555977022083108,-0.11555977022083108,1.0,0.0,0,none
1774735160.617,1739838,stressed,sports,official_sports_feed,0.6,10176.607368946075,3908862.091939992,0.28,0.29,0.71,0.72,0.28500000000000003,0.715,350.87719298245446,139.86013986014,0.2881557617747896,0.7118442382252104,-0.6146657092696544,0.6146657092696544,1.0,0.0,0,none
1774735161.881,1753593,stressed,sports,official_sports_feed,0.6,64836.37579488754,449201.9823410001,0.24,0.25,0.75,0.76,0.245,0.755,408.1632653061228,132.45033112582794,0.24927923452027512,0.7507207654797249,0.7058240073505823,-0.7058240073505823,1.0,0.0,0,none
1774735156.083,658931,stressed,general,manual_review_required,0.2,525636.1171269417,1064568.9165089908,0.23,0.24,0.76,0.77,0.235,0.765,425.53191489361626,130.71895424836612,0.2300578588707628,0.7699421411292374,0.8804112603650852,-0.8804112603650852,1.0,0.0,0,none
1774735159.994,1507751,stressed,politics,official_election_reporting,0.55,2772035.8529109955,12266537.418811155,0.06,0.07,0.93,0.94,0.065,0.935,1538.4615384615397,106.95187165775292,0.06281012410414843,0.9371898758958516,0.5676924757603468,-0.5676924757603468,1.0,0.0,0,none
1774735164.198,566188,stressed,general,manual_review_required,0.2,5104835.587575436,9683391.106694974,0.11,0.12,0.88,0.89,0.11499999999999999,0.885,869.565217391304,112.99435028248598,0.11953383701738746,0.8804661629826126,0.20243827991703578,-0.20243827991703578,1.0,0.0,0,none
1774735162.05,566187,calm,general,manual_review_required,0.2,5104835.330532074,8174002.215825508,0.88,0.89,0.11,0.12,0.885,0.11499999999999999,112.99435028248598,869.565217391304,0.8800030846421116,0.11999691535788821,-0.11192187461428388,0.11192187461428388,1.0,0.0,0,none
1774735155.637,566136,stressed,general,manual_review_required,0.2,5450435.075763702,4810463.825276987,0.12,0.13,0.87,0.88,0.125,0.875,800.0000000000007,114.28571428571439,0.12164914005276561,0.8783508599472344,-0.003334335394115406,0.003334335394115406,1.0,0.0,0,none
1774735164.001,566137,stressed,general,manual_review_required,0.2,5450434.800401688,3190162.2267860086,0.07,0.08,0.92,0.93,0.07500000000000001,0.925,1333.3333333333326,108.1081081081082,0.07352213139684999,0.9264778686031502,0.032718433243445214,-0.032718433243445214,1.0,0.0,0,none
1774735223.848,1753632,one_sided,sports,official_sports_feed,0.6,83074.27267718315,250527.10954900045,0.33,0.34,0.66,0.67,0.335,0.665,298.5074626865674,150.3759398496242,0.33991954030254823,0.6600804596974517,0.960648725397778,-0.960648725397778,1.0,0.0,0,none
1774735223.036,1476618,one_sided,sports,official_sports_feed,0.6,7173.981387853622,495215.97979599936,0.45,0.46,0.54,0.55,0.455,0.545,219.78021978021997,183.48623853211024,0.459161953759907,0.540838046240093,0.6205773014037198,-0.6205773014037198,1.0,0.0,0,none
1774735225.66,1739839,calm,sports,official_sports_feed,0.6,513.6679456233978,6144477.02635599,0.76,0.77,0.23,0.24,0.765,0.235,130.71895424836612,425.53191489361626,0.7605107527707908,0.23948924722920933,0.10675580795992509,-0.10675580795992509,1.0,0.0,0,none
1774735225.989,1739838,stressed,sports,official_sports_feed,0.6,10113.365564584732,3908862.091939992,0.28,0.29,0.71,0.72,0.28500000000000003,0.715,350.87719298245446,139.86013986014,0.28815930689811436,0.7118406931018855,-0.6190118046948517,0.6190118046948517,1.0,0.0,0,none
1774735226.16,1753593,stressed,sports,official_sports_feed,0.6,64773.083765268326,449201.9823410001,0.24,0.25,0.75,0.76,0.245,0.755,408.1632653061228,132.45033112582794,0.24927996688192847,0.7507200331180717,0.7048509852255678,-0.7048509852255678,1.0,0.0,0,none
1774735212.477,658931,stressed,general,manual_review_required,0.2,525572.7926492691,1064568.9165089908,0.23,0.24,0.76,0.77,0.235,0.765,425.53191489361626,130.71895424836612,0.2300578588707628,0.7699421411292374,0.8804112603650852,-0.8804112603650852,1.0,0.0,0,none
1774735224.025,1507751,stressed,politics,official_election_reporting,0.55,2771972.492900133,12266537.418811155,0.06,0.07,0.93,0.94,0.065,0.935,1538.4615384615397,106.95187165775292,0.06281230159700238,0.9371876984029976,0.5651454417049256,-0.5651454417049256,1.0,0.0,0,none
1774735222.053,566188,stressed,general,manual_review_required,0.2,5104772.219397783,9683391.106694974,0.11,0.12,0.88,0.89,0.11499999999999999,0.885,869.565217391304,112.99435028248598,0.11953383701738746,0.8804661629826126,0.20250428840954707,-0.20250428840954707,1.0,0.0,0,none
1774735200.464,566187,calm,general,manual_review_required,0.2,5104771.943663597,8174002.215825508,0.88,0.89,0.11,0.12,0.885,0.11499999999999999,112.99435028248598,869.565217391304,0.8800030846421116,0.11999691535788821,-0.11192187461428388,0.11192187461428388,1.0,0.0,0,none
1774735175.382,566136,stressed,general,manual_review_required,0.2,5450371.691988468,4810463.825276987,0.12,0.13,0.87,0.88,0.125,0.875,800.0000000000007,114.28571428571439,0.12164914005276561,0.8783508599472344,-0.003334335394115406,0.003334335394115406,1.0,0.0,0,none
1774735210.001,566137,stressed,general,manual_review_required,0.2,5450371.425471067,3190162.2267860086,0.07,0.08,0.92,0.93,0.07500000000000001,0.925,1333.3333333333326,108.1081081081082,0.07352213139684999,0.9264778686031502,0.03280528577462635,-0.03280528577462635,1.0,0.0,0,none
1774735286.514,1753632,one_sided,sports,official_sports_feed,0.6,83010.86928963661,250527.10954900045,0.33,0.34,0.66,0.67,0.335,0.665,298.5074626865674,150.3759398496242,0.33991954060609314,0.6600804593939067,0.9606507746363446,-0.9606507746363446,1.0,0.0,0,none
1774735284.602,1476618,one_sided,sports,official_sports_feed,0.6,7110.618806838989,495324.40979599935,0.45,0.46,0.54,0.55,0.455,0.545,219.78021978021997,183.48623853211024,0.4591563763827537,0.5408436236172462,0.6168267417468395,-0.6168267417468395,1.0,0.0,0,none
1774735288.257,1739839,calm,sports,official_sports_feed,0.6,450.37737464904785,6147345.831545991,0.76,0.77,0.23,0.24,0.765,0.235,130.71895424836612,425.53191489361626,0.7605036841428522,0.2394963158571479,0.0984416379199844,-0.0984416379199844,1.0,0.0,0,none
1774735288.858,1753593,stressed,sports,official_sports_feed,0.6,64710.126474142075,449201.9823410001,0.24,0.25,0.75,0.76,0.245,0.755,408.1632653061228,132.45033112582794,0.24927919572086626,0.7507208042791338,0.7047374365492158,-0.7047374365492158,1.0,0.0,0,none
1774735287.199,1739838,stressed,sports,official_sports_feed,0.6,10049.872319698334,3908866.258603992,0.28,0.29,0.71,0.72,0.28500000000000003,0.715,350.87719298245446,139.86013986014,0.2881653107137452,0.7118346892862548,-0.618322281090162,0.618322281090162,1.0,0.0,0,none
1774735277.793,658931,stressed,general,manual_review_required,0.2,525509.6126246452,1064568.9165089908,0.23,0.24,0.76,0.77,0.235,0.765,425.53191489361626,130.71895424836612,0.2300578588707628,0.7699421411292374,0.8804112603650852,-0.8804112603650852,1.0,0.0,0,none
1774735281.706,1507751,stressed,politics,official_election_reporting,0.55,2771909.361782551,12268409.675177157,0.06,0.07,0.93,0.94,0.065,0.935,1538.4615384615397,106.95187165775292,0.06281235127240171,0.9371876487275983,0.5672596652665775,-0.5672596652665775,1.0,0.0,0,none
1774735286.305,566188,stressed,general,manual_review_required,0.2,5104709.0712144375,9683391.106694974,0.11,0.12,0.88,0.89,0.11499999999999999,0.885,869.565217391304,112.99435028248598,0.11953383701738746,0.8804661629826126,0.20250428840954707,-0.20250428840954707,1.0,0.0,0,none
1774735279.35,566187,calm,general,manual_review_required,0.2,5104708.795563221,8174002.215825508,0.88,0.89,0.11,0.12,0.885,0.11499999999999999,112.99435028248598,869.565217391304,0.8800030846421116,0.11999691535788821,-0.11205049588136384,0.11205049588136384,1.0,0.0,0,none
1774735175.382,566136,stressed,general,manual_review_required,0.2,5450308.51354146,4810463.825276987,0.12,0.13,0.87,0.88,0.125,0.875,800.0000000000007,114.28571428571439,0.12164914005276561,0.8783508599472344,-0.003334335394115406,0.003334335394115406,1.0,0.0,0,none
1774735291.642,566137,stressed,general,manual_review_required,0.2,5450308.2738621235,3190162.2267860086,0.07,0.08,0.92,0.93,0.07500000000000001,0.925,1333.3333333333326,108.1081081081082,0.07352213139684999,0.9264784498477687,0.032718433243445214,-0.03267709896093552,1.0,0.0,0,none
1774735347.266,1753632,one_sided,sports,official_sports_feed,0.6,82947.58880233765,250527.10954900045,0.33,0.34,0.66,0.67,0.335,0.665,298.5074626865674,150.3759398496242,0.33992171185145686,0.6600782881485431,0.9657961423201121,-0.9657961423201121,1.0,0.0,0,none
1774735338.888,1476618,one_sided,sports,official_sports_feed,0.6,7047.326533079147,495324.40979599935,0.45,0.46,0.54,0.55,0.455,0.545,219.78021978021997,183.48623853211024,0.4591563628946475,0.5408436371053524,0.6169132504215524,-0.6169132504215524,1.0,0.0,0,none
1774735350.664,1739839,calm,sports,official_sports_feed,0.6,387.0659272670746,6147345.831545991,0.76,0.77,0.23,0.24,0.765,0.235,130.71895424836612,425.53191489361626,0.760506146667552,0.23949385333244796,0.10053154929335922,-0.10053154929335922,1.0,0.0,0,none
1774735353.109,1753593,stressed,sports,official_sports_feed,0.6,64646.79418683052,449201.9823410001,0.24,0.25,0.75,0.76,0.245,0.755,408.1632653061228,132.45033112582794,0.24927917177075354,0.7507208279065417,0.7047263823610893,-0.7047265020426755,1.0,0.0,0,none
1774735352.926,1739838,stressed,sports,official_sports_feed,0.6,9986.541435718536,3908866.258603992,0.28,0.29,0.71,0.72,0.28500000000000003,0.715,350.87719298245446,139.86013986014,0.288168787530707,0.7118312124692929,-0.617255392143664,0.617255392143664,1.0,0.0,0,none
1774735353.493,658931,stressed,general,manual_review_required,0.2,525446.2555277348,1064568.9165089908,0.23,0.24,0.76,0.77,0.235,0.765,425.53191489361626,130.71895424836612,0.23006732393970236,0.7699326760602977,0.8866668461264277,-0.8866668461264277,1.0,0.0,0,none
1774735352.465,1507751,stressed,politics,official_election_reporting,0.55,2771845.9753894806,12268409.675177157,0.06,0.07,0.93,0.94,0.065,0.935,1538.4615384615397,106.95187165775292,0.06281235127240171,0.9371876487275983,0.5667041329908302,-0.5667041329908302,1.0,0.0,0,none
1774735348.134,566188,stressed,general,manual_review_required,0.2,5104645.684795141,9683391.106694974,0.11,0.12,0.88,0.89,0.11499999999999999,0.885,869.565217391304,112.99435028248598,0.11953383701738746,0.8804661629826126,0.20250428840954707,-0.20250428840954707,1.0,0.0,0,none
1774735338.021,566187,calm,general,manual_review_required,0.2,5104645.4214077,8174002.215825508,0.88,0.89,0.11,0.12,0.885,0.11499999999999999,112.99435028248598,869.565217391304,0.8800030849125426,0.1199969150874574,-0.1119173067459852,0.1119173067459852,1.0,0.0,0,none
1774735175.382,566136,stressed,general,manual_review_required,0.2,5450245.160093546,4810463.825276987,0.12,0.13,0.87,0.88,0.125,0.875,800.0000000000007,114.28571428571439,0.12164914005276561,0.8783508599472344,-0.003334335394115406,0.003334335394115406,1.0,0.0,0,none
1774735336.0,566137,stressed,general,manual_review_required,0.2,5450244.890700579,3190162.2267860086,0.07,0.08,0.92,0.93,0.07500000000000001,0.925,1333.3333333333326,108.1081081081082,0.0735215501522314,0.9264784498477687,0.03276395172744949,-0.03276395172744949,1.0,0.0,0,none
1774735415.515,1753632,one_sided,sports,official_sports_feed,0.6,82884.34027910233,250527.10954900045,0.33,0.34,0.66,0.67,0.335,0.665,298.5074626865674,150.3759398496242,0.33994148070880087,0.6600585193187154,0.9743017235567751,-0.9743017116570962,1.0,0.0,0,none
1774735407.13,1476618,one_sided,sports,official_sports_feed,0.6,6984.044531822205,495324.40979599935,0.45,0.46,0.54,0.55,0.455,0.545,219.78021978021997,183.48623853211024,0.45915251350057634,0.5408474864994236,0.6164709529560972,-0.6164709529560972,1.0,0.0,0,none
1774735414.315,1739839,calm,sports,official_sports_feed,0.6,323.7733747959137,6147345.831545991,0.76,0.77,0.23,0.24,0.765,0.235,130.71895424836612,425.53191489361626,0.7605112646135717,0.23948873538642837,0.10249849102182128,-0.10249849102182128,1.0,0.0,0,none
1774735415.912,1753593,stressed,sports,official_sports_feed,0.6,64583.516174554825,449201.9823410001,0.24,0.25,0.75,0.76,0.245,0.755,408.1632653061228,132.45033112582794,0.24945070039696707,0.7505492996030328,0.7704215384436642,-0.7704215384436642,1.0,0.0,0,none
1774735416.517,1739838,stressed,sports,official_sports_feed,0.6,9923.275557518005,3908866.258603992,0.28,0.29,0.71,0.72,0.28500000000000003,0.715,350.87719298245446,139.86013986014,0.28816827112296856,0.7118317288770314,-0.6125047374129426,0.6125047374129426,1.0,0.0,0,none
1774735398.529,658931,stressed,general,manual_review_required,0.2,525383.0385000706,1064568.9165089908,0.23,0.24,0.76,0.77,0.235,0.765,425.53191489361626,130.71895424836612,0.23006745095496622,0.7699325490450338,0.8874071190407153,-0.8874071190407153,1.0,0.0,0,none
1774735417.011,1507751,stressed,politics,official_election_reporting,0.55,2771782.758228302,12268409.675177157,0.06,0.07,0.93,0.94,0.065,0.935,1538.4615384615397,106.95187165775292,0.06280807397054172,0.9371919260294582,0.5674418740814098,-0.5674418740814098,1.0,0.0,0,none
1774735410.29,566188,stressed,general,manual_review_required,0.2,5104582.522320986,9683391.106694974,0.11,0.12,0.88,0.89,0.11499999999999999,0.885,869.565217391304,112.99435028248598,0.11953371134469193,0.8804662886553082,0.202490275400734,-0.202490275400734,1.0,0.0,0,none
1774735405.555,566187,calm,general,manual_review_required,0.2,5104582.264327049,8174002.215825508,0.88,0.89,0.11,0.12,0.885,0.11499999999999999,112.99435028248598,869.565217391304,0.8800030849125426,0.1199969150874574,-0.10629730383144857,0.10629730383144857,1.0,0.0,0,none
1774735363.213,566136,stressed,general,manual_review_required,0.2,5450181.99579978,4810463.825276987,0.12,0.13,0.87,0.88,0.125,0.875,800.0000000000007,114.28571428571439,0.12164914005276561,0.8783508599472344,-0.00334071151575431,0.00334071151575431,1.0,0.0,0,none
1774735417.0,566137,stressed,general,manual_review_required,0.2,5450181.742543459,3190162.2267860086,0.07,0.08,0.92,0.93,0.07500000000000001,0.925,1333.3333333333326,108.1081081081082,0.0735215501522314,0.9264784498477687,0.03267709896093552,-0.03267709896093552,1.0,0.0,0,none
1774735476.712,1753632,one_sided,sports,official_sports_feed,0.6,82821.0688803196,250527.10954900045,0.33,0.34,0.66,0.67,0.335,0.665,298.5074626865674,150.3759398496242,0.3399402202869504,0.6600597797130496,0.970423693757058,-0.970423693757058,1.0,0.0,0,none
1774735478.008,1476618,calm,sports,official_sports_feed,0.6,6920.794288396835,495627.22662799933,0.45,0.46,0.54,0.55,0.455,0.545,219.78021978021997,183.48623853211024,0.45916422594440176,0.5408357740555982,0.5844169359054703,-0.5844169359054703,1.0,0.0,0,none
1774735476.38,1739839,calm,sports,official_sports_feed,0.6,260.4994926452637,6149371.53283299,0.76,0.77,0.23,0.24,0.765,0.235,130.71895424836612,425.53191489361626,0.7601217078759067,0.23987829212409334,0.09516342674550025,-0.09516342674550025,1.0,0.0,0,none
1774735476.225,1739838,stressed,sports,official_sports_feed,0.6,9860.243054389954,4521456.509365992,0.28,0.29,0.71,0.72,0.28500000000000003,0.715,350.87719298245446,139.86013986014,0.288170359055408,0.7118296409445919,-0.6073475787250143,0.6073475787250143,1.0,0.0,0,none
1774735479.854,1753593,stressed,sports,official_sports_feed,0.6,64519.97830629349,449205.9823410001,0.24,0.25,0.75,0.76,0.245,0.755,408.1632653061228,132.45033112582794,0.24944962425843442,0.7505503757415656,0.769365869127332,-0.769365869127332,1.0,0.0,0,none
1774735480.209,658931,stressed,general,manual_review_required,0.2,525319.655960083,1064568.9165089908,0.23,0.24,0.76,0.77,0.235,0.765,425.53191489361626,130.71895424836612,0.23006779322425633,0.7699322067757438,0.8767452452603032,-0.8767255489988578,1.0,0.0,0,none
1774735478.861,1507751,stressed,politics,official_election_reporting,0.55,2771719.403262615,12268409.675177157,0.06,0.07,0.93,0.94,0.065,0.935,1538.4615384615397,106.95187165775292,0.06280990824706663,0.9371900917529332,0.5602129983797434,-0.5602129983797434,1.0,0.0,0,none
1774735474.324,566188,stressed,general,manual_review_required,0.2,5104519.140476227,9683391.106694974,0.11,0.12,0.88,0.89,0.11499999999999999,0.885,869.565217391304,112.99435028248598,0.11953394905024076,0.8804660509497592,0.2721874254948595,-0.2721874254948595,1.0,0.0,0,none
1774735468.253,566187,calm,general,manual_review_required,0.2,5104518.8462462425,8174002.215825508,0.88,0.89,0.11,0.12,0.885,0.11499999999999999,112.99435028248598,869.565217391304,0.8800028961127203,0.11999710388727979,-0.10629852341084473,0.10629852341084473,1.0,0.0,0,none
1774735363.213,566136,stressed,general,manual_review_required,0.2,5450118.574306011,4810463.825276987,0.12,0.13,0.87,0.88,0.125,0.875,800.0000000000007,114.28571428571439,0.12164914005276561,0.8783508599472344,-0.00334071151575431,0.00334071151575431,1.0,0.0,0,none
1774735462.0,566137,stressed,general,manual_review_required,0.2,5450118.322406292,3190224.7267860086,0.07,0.08,0.92,0.93,0.07500000000000001,0.925,1333.3333333333326,108.1081081081082,0.0735215501522314,0.9264784498477687,0.03276395172744949,-0.03276395172744949,1.0,0.0,0,none
1774735541.914,1753632,one_sided,sports,official_sports_feed,0.6,82757.75539708138,250527.10954900045,0.33,0.34,0.66,0.67,0.335,0.665,298.5074626865674,150.3759398496242,0.3399402200634035,0.6600597799365966,0.9704188456888074,-0.9704188456888074,1.0,0.0,0,none
1774735497.299,1476618,calm,sports,official_sports_feed,0.6,6857.4484033584595,495627.22662799933,0.45,0.46,0.54,0.55,0.455,0.545,219.78021978021997,183.48623853211024,0.45914149503843016,0.54085850496157,0.5880601506115899,-0.5880601506115899,1.0,0.0,0,none
1774735538.362,1739839,calm,sports,official_sports_feed,0.6,197.19789814949036,6149371.53283299,0.76,0.77,0.23,0.24,0.765,0.235,130.71895424836612,425.53191489361626,0.7604878554635994,0.23951214453640043,0.10595307103162303,-0.10595307103162303,1.0,0.0,0,none
1774735542.184,1739838,stressed,sports,official_sports_feed,0.6,9796.937555551529,4521456.509365992,0.28,0.29,0.71,0.72,0.28500000000000003,0.715,350.87719298245446,139.86013986014,0.28814496506988146,0.7118550349301185,-0.6075159705320692,0.6075159705320692,1.0,0.0,0,none
1774735542.519,1753593,stressed,sports,official_sports_feed,0.6,64456.654624938965,449205.9823410001,0.24,0.25,0.75,0.76,0.245,0.755,408.1632653061228,132.45033112582794,0.24944962958183836,0.7505503704181616,0.7693628844562007,-0.7693628844562007,1.0,0.0,0,none
1774735540.742,658931,stressed,general,manual_review_required,0.2,525256.3399863243,1064568.9165089908,0.23,0.24,0.76,0.77,0.235,0.765,425.53191489361626,130.71895424836612,0.23006824219095506,0.7699317578090451,0.8883333410414274,-0.8883333410414274,1.0,0.0,0,none
1774735536.26,1507751,stressed,politics,official_election_reporting,0.55,2771656.057746887,12268409.675177157,0.06,0.07,0.93,0.94,0.065,0.935,1538.4615384615397,106.95187165775292,0.06280685932576623,0.9371931406742338,0.5653606662193086,-0.5653606662193086,1.0,0.0,0,none
1774735544.09,566188,stressed,general,manual_review_required,0.2,5104455.80060029,9683391.106694974,0.11,0.12,0.88,0.89,0.11499999999999999,0.885,869.565217391304,112.99435028248598,0.11953394905024076,0.8804660509497592,0.2721874254948595,-0.2721324517575457,1.0,0.0,0,none
1774735519.243,566187,calm,general,manual_review_required,0.2,5104455.544831276,8174002.215825508,0.88,0.89,0.11,0.12,0.885,0.11499999999999999,112.99435028248598,869.565217391304,0.8800028961127203,0.11999710388727979,-0.10627939591046755,0.10627939591046755,1.0,0.0,0,none
1774735514.001,566136,stressed,general,manual_review_required,0.2,5450055.284705639,4810463.825276987,0.12,0.13,0.87,0.88,0.125,0.875,800.0000000000007,114.28571428571439,0.12164086133245357,0.8783591386675466,-0.005272876882587473,0.005272876882587473,1.0,0.0,0,none
1774735543.0,566137,stressed,general,manual_review_required,0.2,5450054.975708723,3190224.7267860086,0.07,0.08,0.92,0.93,0.07500000000000001,0.925,1333.3333333333326,108.1081081081082,0.07351389174577544,0.9264861082542246,0.03160633260994854,-0.03160633260994854,1.0,0.0,0,none
1774735605.505,1753632,one_sided,sports,official_sports_feed,0.6,82694.41265106201,250527.10954900045,0.33,0.34,0.66,0.67,0.335,0.665,298.5074626865674,150.3759398496242,0.3399411085106211,0.660058891516929,0.9705842778813343,-0.970584264380355,1.0,0.0,0,none
1774735601.001,1476618,calm,sports,official_sports_feed,0.6,6794.133080244064,495627.22662799933,0.45,0.46,0.54,0.55,0.455,0.545,219.78021978021997,183.48623853211024,0.45914136090960356,0.5408586390903966,0.5837109694795216,-0.5837109694795216,1.0,0.0,0,none
1774735605.392,1739839,closing,sports,official_sports_feed,0.6,133.84139490127563,6149371.53283299,0.76,0.77,0.23,0.24,0.765,0.235,130.71895424836612,425.53191489361626,0.7604827581161325,0.2395172418838674,0.1087828618701815,-0.1087828618701815,1.0,0.0,0,none
1774735605.668,1739838,stressed,sports,official_sports_feed,0.6,9733.569237947464,4521456.509365992,0.28,0.29,0.71,0.72,0.28500000000000003,0.715,350.87719298245446,139.86013986014,0.2882057433805425,0.7117942566194574,-0.6065775269276151,0.6065775269276151,1.0,0.0,0,none
1774735605.655,1753593,stressed,sports,official_sports_feed,0.6,64393.32714319229,449205.9823410001,0.24,0.25,0.75,0.76,0.245,0.755,408.1632653061228,132.45033112582794,0.24944959625638205,0.7505504037436179,0.7693484810524124,-0.7693484810524124,1.0,0.0,0,none
1774735605.467,658931,stressed,general,manual_review_required,0.2,525193.0680551529,1064568.9165089908,0.23,0.24,0.76,0.77,0.235,0.765,425.53191489361626,130.71895424836612,0.23006846305775588,0.7699315369422443,0.888441440306305,-0.888441440306305,1.0,0.0,0,none
1774735600.243,1507751,stressed,politics,official_election_reporting,0.55,2771592.8210577965,12268409.675177157,0.06,0.07,0.93,0.94,0.065,0.935,1538.4615384615397,106.95187165775292,0.06280690895019155,0.9371930910498084,0.5652841590719963,-0.5652841590719963,1.0,0.0,0,none
1774735607.142,566188,stressed,general,manual_review_required,0.2,5104392.573965788,9683391.106694974,0.11,0.12,0.88,0.89,0.11499999999999999,0.885,869.565217391304,112.99435028248598,0.11953394905024076,0.8804660509497592,0.27239315619202764,-0.27239315619202764,1.0,0.0,0,none
1774735599.737,566187,calm,general,manual_review_required,0.2,5104392.325891256,8174002.215825508,0.88,0.89,0.11,0.12,0.885,0.11499999999999999,112.99435028248598,869.565217391304,0.8800029087121193,0.1199970912878808,-0.10618675264169045,0.10618675264169045,1.0,0.0,0,none
1774735545.72,566136,stressed,general,manual_review_required,0.2,5449992.062936068,4810463.825276987,0.12,0.13,0.87,0.88,0.125,0.875,800.0000000000007,114.28571428571439,0.12164086133245357,0.8783591386675466,-0.005280498483715381,0.005280498483715381,1.0,0.0,0,none
1774735589.0,566137,stressed,general,manual_review_required,0.2,5449991.773572683,3190224.7267860086,0.07,0.08,0.92,0.93,0.07500000000000001,0.925,1333.3333333333326,108.1081081081082,0.07351389174577544,0.9264861082542246,0.03168807236400888,-0.03168807236400888,1.0,0.0,0,none
1774735667.798,1753632,one_sided,sports,official_sports_feed,0.6,82631.06136536598,250615.3448420005,0.33,0.34,0.66,0.67,0.335,0.665,298.5074626865674,150.3759398496242,0.33994022034009846,0.6600597796599016,0.97042275311502,-0.97042275311502,1.0,0.0,0,none
1774735668.864,1476618,calm,sports,official_sports_feed,0.6,6730.784151315689,497129.22662799933,0.45,0.46,0.54,0.55,0.455,0.545,219.78021978021997,183.48623853211024,0.4591759362606202,0.5408240637393799,0.5559448348310674,-0.5559448348310674,1.0,0.0,0,none
1774735669.182,1739839,closing,sports,official_sports_feed,0.6,70.51683902740479,6169332.981942991,0.76,0.77,0.23,0.24,0.765,0.235,130.71895424836612,425.53191489361626,0.7604637879624148,0.23953621203758518,0.07279442552432713,-0.07279442552432713,1.0,0.0,0,none
1774735667.796,1753593,stressed,sports,official_sports_feed,0.6,64330.17819261551,449365.9823410001,0.24,0.25,0.75,0.76,0.245,0.755,408.1632653061228,132.45033112582794,0.24944887365213103,0.7505511263478689,0.7688741788759395,-0.7688741788759395,1.0,0.0,0,none
1774735670.052,1739838,stressed,sports,official_sports_feed,0.6,9669.9208548069,4521721.068745991,0.29,0.3,0.7,0.71,0.295,0.705,338.98305084745795,141.84397163120582,0.2910010502933703,0.7089989474263138,-0.576610883357291,0.5766104427367154,1.0,0.0,0,none
1774735670.206,658931,stressed,general,manual_review_required,0.2,525129.6735289097,1066308.2498409909,0.23,0.24,0.76,0.77,0.235,0.765,425.53191489361626,130.71895424836612,0.23006845382643246,0.7699315461735676,0.8764769301606762,-0.8764972251751724,1.0,0.0,0,none
1774735664.252,1507751,stressed,politics,official_election_reporting,0.55,2771529.4209833145,12268816.82803316,0.06,0.07,0.93,0.94,0.065,0.935,1538.4615384615397,106.95187165775292,0.06280739749706331,0.9371926025029368,0.5654327388286108,-0.5654327388286108,1.0,0.0,0,none
1774735670.533,566188,stressed,general,manual_review_required,0.2,5104329.147677422,9683391.106694974,0.11,0.12,0.88,0.89,0.11499999999999999,0.885,869.565217391304,112.99435028248598,0.11953394905024076,0.8804660509497592,0.2721874254948595,-0.2721874254948595,1.0,0.0,0,none
1774735646.711,566187,calm,general,manual_review_required,0.2,5104328.883648157,8174014.508183508,0.88,0.89,0.11,0.12,0.885,0.11499999999999999,112.99435028248598,869.565217391304,0.8800029087121193,0.1199970912878808,-0.10607707101533001,0.10607707101533001,1.0,0.0,0,none
1774735647.158,566136,stressed,general,manual_review_required,0.2,5449928.62578249,4810463.825276987,0.12,0.13,0.87,0.88,0.125,0.875,800.0000000000007,114.28571428571439,0.12164086133245357,0.8783591386675466,-0.005280498483715381,0.005280498483715381,1.0,0.0,0,none
1774735654.739,566137,stressed,general,manual_review_required,0.2,5449928.348170042,3190224.7267860086,0.07,0.08,0.92,0.93,0.07500000000000001,0.925,1333.3333333333326,108.1081081081082,0.07351389174577544,0.9264861082542246,0.031601400452967165,-0.031601400452967165,1.0,0.0,0,none
1774735722.343,1753632,one_sided,sports,official_sports_feed,0.6,82567.7341966629,250615.3448420005,0.33,0.34,0.66,0.67,0.335,0.665,298.5074626865674,150.3759398496242,0.339940215526004,0.6600597844739963,0.9700646388654102,-0.9700646388654102,1.0,0.0,0,none
1774735729.855,1476618,calm,sports,official_sports_feed,0.6,6667.454429626465,497129.22662799933,0.45,0.46,0.54,0.55,0.455,0.545,219.78021978021997,183.48623853211024,0.4592847375045184,0.5407152624954816,0.5557700026416736,-0.5557700026416736,1.0,0.0,0,none
1774735727.479,1739839,terminal,sports,official_sports_feed,0.6,7.178503751754761,6169332.981942991,0.76,0.77,0.23,0.24,0.765,0.235,130.71895424836612,425.53191489361626,0.7604738490375486,0.23952615096245136,0.10938351866632719,-0.10938351866632719,1.0,0.0,0,none
1774735731.595,1753593,stressed,sports,official_sports_feed,0.6,64266.9429666996,449365.9823410001,0.24,0.25,0.75,0.76,0.245,0.755,408.1632653061228,132.45033112582794,0.24944891786943738,0.7505510821305627,0.7688898430191605,-0.7688898430191605,1.0,0.0,0,none
1774735730.982,1739838,stressed,sports,official_sports_feed,0.6,9606.687705993652,4521721.068745991,0.29,0.3,0.7,0.71,0.295,0.705,338.98305084745795,141.84397163120582,0.2911015477992535,0.7088984522007463,-0.5682466967002806,0.5682466967002806,1.0,0.0,0,none
1774735732.394,658931,stressed,general,manual_review_required,0.2,525066.4131317139,1066308.2498409909,0.23,0.24,0.76,0.77,0.235,0.765,425.53191489361626,130.71895424836612,0.23006846305775588,0.7699315369422443,0.9083539832886974,-0.9083539832886974,1.0,0.0,0,none
1774735728.252,1507751,stressed,politics,official_election_reporting,0.55,2771466.165008545,12268816.82803316,0.06,0.07,0.93,0.94,0.065,0.935,1538.4615384615397,106.95187165775292,0.06280739749706331,0.9371926025029368,0.565705571286841,-0.565705571286841,1.0,0.0,0,none
1774735733.443,566188,stressed,general,manual_review_required,0.2,5104265.884288073,9683391.106694974,0.11,0.12,0.88,0.89,0.11499999999999999,0.885,869.565217391304,112.99435028248598,0.11953394905024076,0.8804660509497592,0.27218502338318895,-0.27218502338318895,1.0,0.0,0,none
1774735723.417,566187,calm,general,manual_review_required,0.2,5104265.607308865,8174014.508183508,0.88,0.89,0.11,0.12,0.885,0.11499999999999999,112.99435028248598,869.565217391304,0.8800028961127203,0.11999710388727979,-0.11192310210115942,0.11192310210115942,1.0,0.0,0,none
1774735733.094,566136,stressed,general,manual_review_required,0.2,5449865.324049473,4810463.825276987,0.12,0.13,0.87,0.88,0.125,0.875,800.0000000000007,114.28571428571439,0.12164086133245357,0.8783591386675466,-0.005280498483715381,0.005280498483715381,1.0,0.0,0,none
1774735715.0,566137,stressed,general,manual_review_required,0.2,5449865.0572805405,3190224.7267860086,0.07,0.08,0.92,0.93,0.07500000000000001,0.925,1333.3333333333326,108.1081081081082,0.07351389174577544,0.9264861082542246,0.03151403863164782,-0.03151403863164782,1.0,0.0,0,none
1774735790.593,1753632,one_sided,sports,official_sports_feed,0.6,82504.48617315292,250615.3448420005,0.33,0.34,0.66,0.67,0.335,0.665,298.5074626865674,150.3759398496242,0.33994033717106015,0.66005966282894,0.9700889503003786,-0.9700889503003786,1.0,0.0,0,none
1774735787.479,1476618,calm,sports,official_sports_feed,0.6,6604.255661487579,497129.22662799933,0.45,0.46,0.54,0.55,0.455,0.545,219.78021978021997,183.48623853211024,0.4593244445568907,0.5406755554431093,0.5599873221153165,-0.5599873221153165,1.0,0.0,0,none
1774735793.897,1753593,stressed,sports,official_sports_feed,0.6,64204.024129629135,449365.9823410001,0.24,0.25,0.75,0.76,0.245,0.755,408.1632653061228,132.45033112582794,0.2494490664789342,0.7505509335210657,0.7697636656105111,-0.7697636656105111,1.0,0.0,0,none
1774735790.089,1739838,stressed,sports,official_sports_feed,0.6,9543.76859998703,4521721.068745991,0.29,0.3,0.7,0.71,0.295,0.705,338.98305084745795,141.84397163120582,0.29101231080006346,0.7089876891999366,-0.5756948745171423,0.5756948745171423,1.0,0.0,0,none
1774735793.772,658931,stressed,general,manual_review_required,0.2,525003.5196704865,1066308.2498409909,0.23,0.24,0.76,0.77,0.235,0.765,425.53191489361626,130.71895424836612,0.23006846305775588,0.7699315369422443,0.7746536837645496,-0.7746536837645496,1.0,0.0,0,none
1774735792.239,1507751,stressed,politics,official_election_reporting,0.55,2771403.2664341927,12268816.82803316,0.06,0.07,0.93,0.94,0.065,0.935,1538.4615384615397,106.95187165775292,0.06280888525579094,0.937191114744209,0.5652769022273914,-0.5652769022273914,1.0,0.0,0,none
1774735795.823,566188,stressed,general,manual_review_required,0.2,5104203.014930725,9683391.106694974,0.11,0.12,0.88,0.89,0.11499999999999999,0.885,869.565217391304,112.99435028248598,0.11953394905024076,0.8804660509497592,0.27218502338318895,-0.27218502338318895,1.0,0.0,0,none
1774735794.779,566187,calm,general,manual_review_required,0.2,5104202.758555889,8174014.508183508,0.88,0.89,0.11,0.12,0.885,0.11499999999999999,112.99435028248598,869.565217391304,0.8800028961127203,0.11999710388727979,-0.11192535893513492,0.11192535893513492,1.0,0.0,0,none
1774735733.094,566136,stressed,general,manual_review_required,0.2,5449802.494214773,4810463.825276987,0.12,0.13,0.87,0.88,0.125,0.875,800.0000000000007,114.28571428571439,0.12164086133245357,0.8783591386675466,-0.005280498483715381,0.005280498483715381,1.0,0.0,0,none
1774735781.02,566137,stressed,general,manual_review_required,0.2,5449802.222005606,3190224.7267860086,0.07,0.08,0.92,0.93,0.07500000000000001,0.925,1333.3333333333326,108.1081081081082,0.07351389174577544,0.9264861082542246,0.031601400452967165,-0.031601400452967165,1.0,0.0,0,none
1774735856.943,1739838,stressed,sports,official_sports_feed,0.6,9481.51387667656,4666855.647795992,0.29,0.3,0.7,0.71,0.295,0.705,338.98305084745795,141.84397163120582,0.2910149263296457,0.7089850736703543,-0.5787861874963007,0.5787861874963007,1.0,0.0,0,none
1774735855.435,1753632,one_sided,sports,official_sports_feed,0.6,82441.24019479752,250615.3448420005,0.33,0.34,0.66,0.67,0.335,0.665,298.5074626865674,150.3759398496242,0.33994033717106015,0.66005966282894,0.9700903931138722,-0.9700903931138722,1.0,0.0,0,none
1774735854.658,1476618,calm,sports,official_sports_feed,0.6,6540.955216169357,497149.75662799936,0.45,0.46,0.54,0.55,0.455,0.545,219.78021978021997,183.48623853211024,0.45932527059904926,0.5406747294009507,0.5564459620016198,-0.5564459620016198,1.0,0.0,0,none
1774735854.51,1753593,stressed,sports,official_sports_feed,0.6,64140.64049720764,449365.9823410001,0.24,0.25,0.75,0.76,0.245,0.755,408.1632653061228,132.45033112582794,0.24944902875530028,0.7505509712446996,0.7697494986678373,-0.7697494986678373,1.0,0.0,0,none
1774735859.436,658931,stressed,general,manual_review_required,0.2,524940.3776257038,1066364.2498409909,0.23,0.24,0.76,0.77,0.235,0.765,425.53191489361626,130.71895424836612,0.23006846305775588,0.7699315369422443,0.7725599685959305,-0.7725599685959305,1.0,0.0,0,none
1774735856.237,1507751,stressed,politics,official_election_reporting,0.55,2771340.072604656,12268963.25660316,0.06,0.07,0.93,0.94,0.065,0.935,1538.4615384615397,106.95187165775292,0.0628076633511461,0.9371923366488538,0.567300570036866,-0.567300570036866,1.0,0.0,0,none
1774735853.376,566188,stressed,general,manual_review_required,0.2,5104139.829684019,9683391.106694974,0.11,0.12,0.88,0.89,0.11499999999999999,0.885,869.565217391304,112.99435028248598,0.11953394905024076,0.8804660509497592,0.27218502338318895,-0.27218502338318895,1.0,0.0,0,none
1774735857.177,566187,calm,general,manual_review_required,0.2,5104139.557104349,8174014.508183508,0.88,0.89,0.11,0.12,0.885,0.11499999999999999,112.99435028248598,869.565217391304,0.8800028961127203,0.11999710388727979,-0.1120539795139091,0.1120539795139091,1.0,0.0,0,none
1774735733.094,566136,stressed,general,manual_review_required,0.2,5449739.3101968765,4810463.825276987,0.12,0.13,0.87,0.88,0.125,0.875,800.0000000000007,114.28571428571439,0.12164086133245357,0.8783591386675466,-0.005280498483715381,0.005280498483715381,1.0,0.0,0,none
1774735841.0,566137,stressed,general,manual_review_required,0.2,5449739.035064459,3190224.7267860086,0.07,0.08,0.92,0.93,0.07500000000000001,0.925,1333.3333333333326,108.1081081081082,0.07351389174577544,0.9264861082542246,0.03151403863164782,-0.03151403863164782,1.0,0.0,0,none
1774735911.658,1739838,stressed,sports,official_sports_feed,0.6,9418.29599070549,4666855.647795992,0.29,0.3,0.7,0.71,0.295,0.705,338.98305084745795,141.84397163120582,0.29101168297008073,0.7089883170299192,-0.5794830537758213,0.5794830537758213,1.0,0.0,0,none
1774735921.813,1753632,one_sided,sports,official_sports_feed,0.6,82377.92646169662,250615.3448420005,0.33,0.34,0.66,0.67,0.335,0.665,298.5074626865674,150.3759398496242,0.3399403371989492,0.6600596628010509,0.9700827125606631,-0.9700827125606631,1.0,0.0,0,none
1774735922.39,1476618,calm,sports,official_sports_feed,0.6,6477.53479552269,497149.75662799936,0.45,0.46,0.54,0.55,0.455,0.545,219.78021978021997,183.48623853211024,0.45932527059904926,0.5406752709033041,0.5518423560774184,-0.5518095265459249,1.0,0.0,0,none
1774735920.148,1753593,stressed,sports,official_sports_feed,0.6,64077.17665100098,449365.9823410001,0.24,0.25,0.75,0.76,0.245,0.755,408.1632653061228,132.45033112582794,0.24944873397326958,0.7505512660267304,0.7687871882632308,-0.7687871882632308,1.0,0.0,0,none
1774735916.625,658931,stressed,general,manual_review_required,0.2,524876.8714888096,1066364.2498409909,0.23,0.24,0.76,0.77,0.235,0.765,425.53191489361626,130.71895424836612,0.23006846305775588,0.7699315369422443,0.7937220870207252,-0.7937220870207252,1.0,0.0,0,none
1774735921.343,1507751,stressed,politics,official_election_reporting,0.55,2771276.4657018185,12268963.25660316,0.06,0.07,0.93,0.94,0.065,0.935,1538.4615384615397,106.95187165775292,0.0628076633511461,0.9371923366488538,0.5672977290814902,-0.5672977290814902,1.0,0.0,0,none
1774735923.533,566188,stressed,general,manual_review_required,0.2,5104076.088725328,9683391.106694974,0.11,0.12,0.88,0.89,0.11499999999999999,0.885,869.565217391304,112.99435028248598,0.11953394905024076,0.8804660509497592,0.27213004956824505,-0.27213004956824505,1.0,0.0,0,none
1774735906.157,566187,calm,general,manual_review_required,0.2,5104075.75022316,8174014.508183508,0.88,0.89,0.11,0.12,0.885,0.11499999999999999,112.99435028248598,869.565217391304,0.8800028961127203,0.11999710388727979,-0.11192535893513492,0.11192535893513492,1.0,0.0,0,none
1774735906.693,566136,stressed,general,manual_review_required,0.2,5449675.419386148,4810463.825276987,0.12,0.13,0.87,0.88,0.125,0.875,800.0000000000007,114.28571428571439,0.12162951709414299,0.8783704829058572,-0.007947600382205364,0.007947600382205364,1.0,0.0,0,none
1774735912.299,566137,stressed,general,manual_review_required,0.2,5449675.107608557,3190224.7267860086,0.07,0.08,0.92,0.93,0.07500000000000001,0.925,1333.3333333333326,108.1081081081082,0.0735033261048058,0.9264966738951943,0.030120156034411576,-0.030120156034411576,1.0,0.0,0,none
1774735982.922,1739838,stressed,sports,official_sports_feed,0.6,9354.436236858368,4666855.647795992,0.29,0.3,0.7,0.71,0.295,0.705,338.98305084745795,141.84397163120582,0.29099994478520336,0.7090000552147966,-0.6223433701567767,0.6223433701567767,1.0,0.0,0,none
1774735985.447,1753632,one_sided,sports,official_sports_feed,0.6,82314.14706587791,250615.3448420005,0.33,0.34,0.66,0.67,0.335,0.665,298.5074626865674,150.3759398496242,0.33994033717106015,0.66005966282894,0.9700889503003786,-0.9700889503003786,1.0,0.0,0,none
1774735976.375,1476618,calm,sports,official_sports_feed,0.6,6413.849627494812,497149.75662799936,0.45,0.46,0.54,0.55,0.455,0.545,219.78021978021997,183.48623853211024,0.4593254694573462,0.5406745305426537,0.5518463961601502,-0.5518463961601502,1.0,0.0,0,none
1774735986.26,1753593,stressed,sports,official_sports_feed,0.6,64013.55864238739,449365.9823410001,0.24,0.25,0.75,0.76,0.245,0.755,408.1632653061228,132.45033112582794,0.24944911978913578,0.7505508802108644,0.7689255669047074,-0.7689255669047074,1.0,0.0,0,none
1774735984.785,658931,stressed,general,manual_review_required,0.2,524813.2902669907,1066364.2498409909,0.23,0.24,0.76,0.77,0.235,0.765,425.53191489361626,130.71895424836612,0.23006846305775588,0.7699315369422443,0.7915891283620795,-0.7915891283620795,1.0,0.0,0,none
1774735984.231,1507751,stressed,politics,official_election_reporting,0.55,2771212.9984591007,12268963.25660316,0.06,0.07,0.93,0.94,0.065,0.935,1538.4615384615397,106.95187165775292,0.06280631402273806,0.9371936859772618,0.5672992287552963,-0.5672992287552963,1.0,0.0,0,none
1774735984.872,566188,stressed,general,manual_review_required,0.2,5104012.669600248,9683391.106694974,0.11,0.12,0.88,0.89,0.11499999999999999,0.885,869.565217391304,112.99435028248598,0.11953394905024076,0.8804660509497592,0.27218502338318895,-0.27218502338318895,1.0,0.0,0,none
1774735979.321,566187,calm,general,manual_review_required,0.2,5104012.366635084,8174014.508183508,0.88,0.89,0.11,0.12,0.885,0.11499999999999999,112.99435028248598,869.565217391304,0.8800028961127203,0.11999710388727979,-0.11192535893513492,0.11192535893513492,1.0,0.0,0,none
1774735981.223,566136,stressed,general,manual_review_required,0.2,5449612.090585947,4810463.825276987,0.12,0.13,0.87,0.88,0.125,0.875,800.0000000000007,114.28571428571439,0.12162951709414299,0.8783704829058572,-0.007947600382205364,0.007947600382205364,1.0,0.0,0,none
1774735968.0,566137,stressed,general,manual_review_required,0.2,5449611.822273016,3190224.7267860086,0.07,0.08,0.92,0.93,0.07500000000000001,0.925,1333.3333333333326,108.1081081081082,0.0735033261048058,0.9264966738951943,0.030033044902637255,-0.030033044902637255,1.0,0.0,0,none
1774736048.439,1739838,stressed,sports,official_sports_feed,0.6,9290.967863798141,4667225.477792992,0.29,0.3,0.7,0.71,0.295,0.705,338.98305084745795,141.84397163120582,0.29099959284229027,0.7090004071577096,-0.6317475245777112,0.6317475245777112,1.0,0.0,0,none
1774736035.218,1753632,one_sided,sports,official_sports_feed,0.6,82250.71996998787,250615.3448420005,0.33,0.34,0.66,0.67,0.335,0.665,298.5074626865674,150.3759398496242,0.3399404589315494,0.6600595410684507,0.970112617629827,-0.970112617629827,1.0,0.0,0,none
1774736040.536,1476618,calm,sports,official_sports_feed,0.6,6350.480646371841,501161.06662799936,0.45,0.46,0.54,0.55,0.455,0.545,219.78021978021997,183.48623853211024,0.4593254694573462,0.5406745305426537,0.5518921147298235,-0.5518921147298235,1.0,0.0,0,none
1774736047.914,1753593,stressed,sports,official_sports_feed,0.6,63950.223080158234,449367.2981280001,0.24,0.25,0.75,0.76,0.245,0.755,408.1632653061228,132.45033112582794,0.24944915649811808,0.750550843501882,0.7689236694789162,-0.7689236694789162,1.0,0.0,0,none
1774736048.24,1507751,stressed,politics,official_election_reporting,0.55,2771149.964897871,12268963.25660316,0.06,0.07,0.93,0.94,0.065,0.935,1538.4615384615397,106.95187165775292,0.06280631402273806,0.9371936859772618,0.5678121163832892,-0.5678121163832892,1.0,0.0,0,none
1774736049.958,566188,stressed,general,manual_review_required,0.2,5103949.682359457,9683391.106694974,0.11,0.12,0.88,0.89,0.11499999999999999,0.885,869.565217391304,112.99435028248598,0.11953394905024076,0.8804660509497592,0.27217116520271156,-0.27217116520271156,1.0,0.0,0,none
1774736035.201,566187,calm,general,manual_review_required,0.2,5103949.419552565,8174014.508183508,0.88,0.89,0.11,0.12,0.885,0.11499999999999999,112.99435028248598,869.565217391304,0.8800028961127203,0.11999710388727979,-0.11192535893513492,0.11192535893513492,1.0,0.0,0,none
1774736030.224,566136,stressed,general,manual_review_required,0.2,5449549.138700008,4810463.825276987,0.12,0.13,0.87,0.88,0.125,0.875,800.0000000000007,114.28571428571439,0.12162951709414299,0.8783704829058572,-0.008214680363686094,0.008214680363686094,1.0,0.0,0,none
1774736025.193,566137,stressed,general,manual_review_required,0.2,5449548.884833813,3190224.7267860086,0.07,0.08,0.92,0.93,0.07500000000000001,0.925,1333.3333333333326,108.1081081081082,0.0735033261048058,0.9264966738951943,0.03020657921470901,-0.03020657921470901,1.0,0.0,0,none
1774736108.766,1739838,stressed,sports,official_sports_feed,0.6,9228.27284359932,4667225.477792992,0.29,0.3,0.7,0.71,0.295,0.705,338.98305084745795,141.84397163120582,0.2909949365068342,0.7090050634931657,-0.6223799758850409,0.6223799758850409,1.0,0.0,0,none
1774736111.803,1753632,one_sided,sports,official_sports_feed,0.6,82188.00663805008,250615.3448420005,0.33,0.34,0.66,0.67,0.335,0.665,298.5074626865674,150.3759398496242,0.33994046629310953,0.6600595337068905,0.9701162417004706,-0.9701162417004706,1.0,0.0,0,none
1774736104.28,1476618,calm,sports,official_sports_feed,0.6,6287.753668785095,501161.06662799936,0.45,0.46,0.54,0.55,0.455,0.545,219.78021978021997,183.48623853211024,0.45932572988994913,0.5406742701100509,0.5518109061898173,-0.5518109061898173,1.0,0.0,0,none
1774736111.656,1753593,stressed,sports,official_sports_feed,0.6,63887.47608304024,449367.2981280001,0.24,0.25,0.75,0.76,0.245,0.755,408.1632653061228,132.45033112582794,0.24944918672647906,0.750550813273521,0.7689355477907884,-0.7689355477907884,1.0,0.0,0,none
1774736112.232,1507751,stressed,politics,official_election_reporting,0.55,2771087.2434077263,12268963.25660316,0.06,0.07,0.93,0.94,0.065,0.935,1538.4615384615397,106.95187165775292,0.06280730708467042,0.9371926929153295,0.5654428620073141,-0.5654428620073141,1.0,0.0,0,none
1774736112.421,566188,stressed,general,manual_review_required,0.2,5103886.977378845,9683391.106694974,0.11,0.12,0.88,0.89,0.11499999999999999,0.885,869.565217391304,112.99435028248598,0.11953394905024076,0.8804660509497592,0.2718778701684046,-0.2718778701684046,1.0,0.0,0,none
1774736082.876,566187,calm,general,manual_review_required,0.2,5103886.709684849,8174014.508183508,0.88,0.89,0.11,0.12,0.885,0.11499999999999999,112.99435028248598,869.565217391304,0.8800028961127203,0.11999710388727979,-0.1122524784920964,0.1122524784920964,1.0,0.0,0,none
1774736104.476,566136,stressed,general,manual_review_required,0.2,5449486.452604055,4810463.825276987,0.12,0.13,0.87,0.88,0.125,0.875,800.0000000000007,114.28571428571439,0.12162951709414299,0.8783704829058572,-0.009129835677008851,0.009129835677008851,1.0,0.0,0,none
1774736104.48,566137,stressed,general,manual_review_required,0.2,5449486.174041271,3190224.7267860086,0.07,0.08,0.92,0.93,0.07500000000000001,0.925,1333.3333333333326,108.1081081081082,0.0735033261048058,0.9264966738951943,0.02952402053083844,-0.02952402053083844,1.0,0.0,0,none
1774736174.151,1739838,stressed,sports,official_sports_feed,0.6,9165.671134710312,4667225.477792992,0.29,0.3,0.7,0.71,0.295,0.705,338.98305084745795,141.84397163120582,0.29100367724739384,0.708996322752606,-0.6222934513211632,0.6222934513211632,1.0,0.0,0,none
1774736168.146,1753632,one_sided,sports,official_sports_feed,0.6,82125.40602087975,250615.3448420005,0.33,0.34,0.66,0.67,0.335,0.665,298.5074626865674,150.3759398496242,0.33994047363816127,0.6600595263618388,0.9701212825376223,-0.9701212825376223,1.0,0.0,0,none
1774736168.045,1476618,calm,sports,official_sports_feed,0.6,6225.136914014816,501161.06662799936,0.45,0.46,0.54,0.55,0.455,0.545,219.78021978021997,183.48623853211024,0.4592820033784924,0.5407179966215075,0.5491531272901634,-0.5491531272901634,1.0,0.0,0,none
1774736174.948,1753593,stressed,sports,official_sports_feed,0.6,63824.84627246857,449367.2981280001,0.24,0.25,0.75,0.76,0.245,0.755,408.1632653061228,132.45033112582794,0.24944921765005446,0.7505507823499457,0.769060229718858,-0.769060229718858,1.0,0.0,0,none
1774736175.353,1507751,stressed,politics,official_election_reporting,0.55,2771024.5767023563,12268963.25660316,0.06,0.07,0.93,0.94,0.065,0.935,1538.4615384615397,106.95187165775292,0.062807168013692,0.9371928319863081,0.5677547094559041,-0.5677587708221031,1.0,0.0,0,none
1774736175.007,566188,stressed,general,manual_review_required,0.2,5103824.303817749,9683391.106694974,0.11,0.12,0.88,0.89,0.11499999999999999,0.885,869.565217391304,112.99435028248598,0.11953394905024076,0.8804660509497592,0.2718778701684046,-0.2718778701684046,1.0,0.0,0,none
1774736142.505,566187,calm,general,manual_review_required,0.2,5103824.036640406,8174014.508183508,0.88,0.89,0.11,0.12,0.885,0.11499999999999999,112.99435028248598,869.565217391304,0.8800028961127203,0.11999710388727979,-0.1122524784920964,0.1122524784920964,1.0,0.0,0,none
1774736104.476,566136,stressed,general,manual_review_required,0.2,5449423.755760193,4810463.825276987,0.12,0.13,0.87,0.88,0.125,0.875,800.0000000000007,114.28571428571439,0.12162951709414299,0.8783704829058572,-0.009129835677008851,0.009129835677008851,1.0,0.0,0,none
1774736128.001,566137,stressed,general,manual_review_required,0.2,5449423.440059185,3190224.7267860086,0.07,0.08,0.92,0.93,0.07500000000000001,0.925,1333.3333333333326,108.1081081081082,0.0735033261048058,0.9264966738951943,0.029611045582644623,-0.029611045582644623,1.0,0.0,0,none
1774736235.368,1739838,stressed,sports,official_sports_feed,0.6,9102.458901166916,4668690.666475993,0.29,0.3,0.7,0.71,0.295,0.705,338.98305084745795,141.84397163120582,0.2910017871425014,0.7089982128574985,-0.622635860300406,0.622635860300406,1.0,0.0,0,none
1774736235.592,1753632,one_sided,sports,official_sports_feed,0.6,82062.18428349495,250615.3448420005,0.33,0.34,0.66,0.67,0.335,0.665,298.5074626865674,150.3759398496242,0.33994015156881136,0.6600598484311887,0.9699613015619614,-0.9699613015619614,1.0,0.0,0,none
1774736237.072,1476618,calm,sports,official_sports_feed,0.6,6161.922030687332,501489.4066279994,0.45,0.46,0.54,0.55,0.455,0.545,219.78021978021997,183.48623853211024,0.45932888303724934,0.5406711169627507,0.5578641223050118,-0.5578641223050118,1.0,0.0,0,none
1774736236.152,1753593,stressed,sports,official_sports_feed,0.6,63761.659672021866,449449.4581280001,0.24,0.25,0.75,0.76,0.245,0.755,408.1632653061228,132.45033112582794,0.24944921746150658,0.7505507825384935,0.7699068569435535,-0.7699068569435535,1.0,0.0,0,none
1774736237.757,1507751,stressed,politics,official_election_reporting,0.55,2770961.3775098324,12268963.25660316,0.06,0.07,0.93,0.94,0.065,0.935,1538.4615384615397,106.95187165775292,0.062807168013692,0.9371928319863081,0.5675038430321401,-0.5675038430321401,1.0,0.0,0,none
1774736238.437,566188,stressed,general,manual_review_required,0.2,5103761.125495911,9683391.106694974,0.11,0.12,0.88,0.89,0.11499999999999999,0.885,869.565217391304,112.99435028248598,0.11953394905024076,0.8804660509497592,0.2824532180557735,-0.2824532180557735,1.0,0.0,0,none
1774736233.719,566187,calm,general,manual_review_required,0.2,5103760.854291439,8174014.508183508,0.88,0.89,0.11,0.12,0.885,0.11499999999999999,112.99435028248598,869.565217391304,0.8800028961127203,0.11999710388727979,-0.1122524784920964,0.1122524784920964,1.0,0.0,0,none
1774736104.476,566136,stressed,general,manual_review_required,0.2,5449360.583138466,4810463.825276987,0.12,0.13,0.87,0.88,0.125,0.875,800.0000000000007,114.28571428571439,0.12162951709414299,0.8783704829058572,-0.009129835677008851,0.009129835677008851,1.0,0.0,0,none
1774736194.536,566137,stressed,general,manual_review_required,0.2,5449360.336392403,3190224.7267860086,0.07,0.08,0.92,0.93,0.07500000000000001,0.925,1333.3333333333326,108.1081081081082,0.0735033261048058,0.9264966738951943,0.02952402053083844,-0.02952402053083844,1.0,0.0,0,none
1774736298.855,1739838,stressed,sports,official_sports_feed,0.6,9039.706652402878,4668690.666475993,0.29,0.3,0.7,0.71,0.295,0.705,338.98305084745795,141.84397163120582,0.29099678727996137,0.7090032127200386,-0.6322680520935438,0.6322680520935438,1.0,0.0,0,none
1774736299.072,1753632,one_sided,sports,official_sports_feed,0.6,81999.42666077614,250615.3448420005,0.33,0.34,0.66,0.67,0.335,0.665,298.5074626865674,150.3759398496242,0.3399398109704884,0.6600601890295117,0.9697936781818082,-0.9697936781818082,1.0,0.0,0,none
1774736298.306,1476618,calm,sports,official_sports_feed,0.6,6099.138783931732,501489.4066279994,0.45,0.46,0.54,0.55,0.455,0.545,219.78021978021997,183.48623853211024,0.4593014898465733,0.5406985101534266,0.5537766025540185,-0.5537766025540185,1.0,0.0,0,none
1774736299.456,1753593,stressed,sports,official_sports_feed,0.6,63698.848757267,449449.4581280001,0.24,0.25,0.75,0.76,0.245,0.755,408.1632653061228,132.45033112582794,0.24945204489121076,0.7505479551087894,0.771001350147077,-0.771001350147077,1.0,0.0,0,none
1774736300.84,1507751,stressed,politics,official_election_reporting,0.55,2770898.557452917,12268963.25660316,0.06,0.07,0.93,0.94,0.065,0.935,1538.4615384615397,106.95187165775292,0.06280979183171573,0.9371902081682841,0.5676566921028674,-0.5676566921028674,1.0,0.0,0,none
1774736294.472,566188,stressed,general,manual_review_required,0.2,5103698.283166885,9683391.106694974,0.11,0.12,0.88,0.89,0.11499999999999999,0.885,869.565217391304,112.99435028248598,0.1195341762075018,0.8804658237924983,0.28241236719482393,-0.28241236719482393,1.0,0.0,0,none
1774736269.444,566187,calm,general,manual_review_required,0.2,5103697.973293304,8174014.508183508,0.88,0.89,0.11,0.12,0.885,0.11499999999999999,112.99435028248598,869.565217391304,0.880002513294862,0.11999748670513802,-0.11227779402846187,0.11227779402846187,1.0,0.0,0,none
1774736104.476,566136,stressed,general,manual_review_required,0.2,5449297.680968523,4810463.825276987,0.12,0.13,0.87,0.88,0.125,0.875,800.0000000000007,114.28571428571439,0.12162951709414299,0.8783704829058572,-0.009129835677008851,0.009129835677008851,1.0,0.0,0,none
1774736275.274,566137,stressed,general,manual_review_required,0.2,5449297.39342165,3190224.7267860086,0.07,0.08,0.92,0.93,0.07500000000000001,0.925,1333.3333333333326,108.1081081081082,0.0735033261048058,0.9264966738951943,0.029611045582644623,-0.029611045582644623,1.0,0.0,0,none
1774736363.101,1739838,stressed,sports,official_sports_feed,0.6,8976.757491350174,4668690.666475993,0.29,0.3,0.7,0.71,0.295,0.705,338.98305084745795,141.84397163120582,0.29099203463768775,0.7090079797913611,-0.6234015162835467,0.6234029930900736,1.0,0.0,0,none
1774736360.402,1753632,one_sided,sports,official_sports_feed,0.6,81936.48306465149,250615.3448420005,0.33,0.34,0.66,0.67,0.335,0.665,298.5074626865674,150.3759398496242,0.33994136260682545,0.6600586373931746,0.9705576057094277,-0.9705576057094277,1.0,0.0,0,none
1774736360.487,1476618,calm,sports,official_sports_feed,0.6,6036.184969902039,501489.4066279994,0.45,0.46,0.54,0.55,0.455,0.545,219.78021978021997,183.48623853211024,0.4592196260095389,0.5407803739904612,0.548854893710777,-0.548854893710777,1.0,0.0,0,none
1774736360.428,1753593,stressed,sports,official_sports_feed,0.6,63635.88471508026,449449.4581280001,0.24,0.25,0.75,0.76,0.245,0.755,408.1632653061228,132.45033112582794,0.2494605689460576,0.7505394310539425,0.7734728153074857,-0.7734728153074857,1.0,0.0,0,none
1774736363.71,1507751,stressed,politics,official_election_reporting,0.55,2770835.598762512,12268963.25660316,0.06,0.07,0.93,0.94,0.065,0.935,1538.4615384615397,106.95187165775292,0.062809764984303,0.9371902350156968,0.5679510555136917,-0.5679510555136917,1.0,0.0,0,none
1774736364.229,566188,stressed,general,manual_review_required,0.2,5103635.267525673,9683391.106694974,0.11,0.12,0.88,0.89,0.11499999999999999,0.885,869.565217391304,112.99435028248598,0.1195341762075018,0.8804658237924983,0.2824148080838663,-0.2824148080838663,1.0,0.0,0,none
1774736364.034,566187,calm,general,manual_review_required,0.2,5103634.95023489,8174014.508183508,0.88,0.89,0.11,0.12,0.885,0.11499999999999999,112.99435028248598,869.565217391304,0.880002513294862,0.11999748670513802,-0.10678111048518531,0.10678111048518531,1.0,0.0,0,none
1774736353.116,566136,stressed,general,manual_review_required,0.2,5449234.639851809,4810463.825276987,0.12,0.13,0.87,0.88,0.125,0.875,800.0000000000007,114.28571428571439,0.12162951709414299,0.8783704829058572,-0.009129835677008851,0.009129835677008851,1.0,0.0,0,none
1774736364.063,566137,stressed,general,manual_review_required,0.2,5449234.3482244015,3190224.7267860086,0.07,0.08,0.92,0.93,0.07500000000000001,0.925,1333.3333333333326,108.1081081081082,0.0735033261048058,0.9264966738951943,0.02952402053083844,-0.02952402053083844,1.0,0.0,0,none
1774736425.311,1739838,stressed,sports,official_sports_feed,0.6,8913.638890504837,4668872.567881993,0.29,0.3,0.7,0.71,0.295,0.705,338.98305084745795,141.84397163120582,0.29099560803162344,0.7090043919683766,-0.6325587968933833,0.6325587968933833,1.0,0.0,0,none
1774736419.079,1753632,one_sided,sports,official_sports_feed,0.6,81873.38677096367,250615.3448420005,0.33,0.34,0.66,0.67,0.335,0.665,298.5074626865674,150.3759398496242,0.33994136260682545,0.6600586373931746,0.9705611123229978,-0.9705611123229978,1.0,0.0,0,none
1774736425.817,1476618,calm,sports,official_sports_feed,0.6,5973.112289190292,501491.1566279994,0.45,0.46,0.54,0.55,0.455,0.545,219.78021978021997,183.48623853211024,0.4592196260095389,0.5407803739904612,0.5488548888648832,-0.5488548888648832,1.0,0.0,0,none
1774736426.52,1753593,stressed,sports,official_sports_feed,0.6,63572.81602811813,449452.0897020001,0.24,0.25,0.75,0.76,0.245,0.755,408.1632653061228,132.45033112582794,0.24946056833440208,0.750539431665598,0.7734241779369537,-0.7734241779369537,1.0,0.0,0,none
1774736427.387,1507751,stressed,politics,official_election_reporting,0.55,2770772.545793295,12268963.25660316,0.06,0.07,0.93,0.94,0.065,0.935,1538.4615384615397,106.95187165775292,0.062809764984303,0.9371902350156968,0.560844740218054,-0.5608485328905923,1.0,0.0,0,none
1774736427.65,566188,stressed,general,manual_review_required,0.2,5103572.283499718,9683391.106694974,0.11,0.12,0.88,0.89,0.11499999999999999,0.885,869.565217391304,112.99435028248598,0.11953423376943169,0.8804657662305684,0.282360717860058,-0.28241535484428565,1.0,0.0,0,none
1774736419.386,566187,calm,general,manual_review_required,0.2,5103571.988929033,8174018.928183508,0.88,0.89,0.11,0.12,0.885,0.11499999999999999,112.99435028248598,869.565217391304,0.880002513294862,0.11999748670513802,-0.10678562595909452,0.10678562595909452,1.0,0.0,0,none
1774736404.178,566136,stressed,general,manual_review_required,0.2,5449171.726978779,4810463.825276987,0.12,0.13,0.87,0.88,0.125,0.875,800.0000000000007,114.28571428571439,0.12162951709414299,0.8783704829058572,-0.009129835677008851,0.009129835677008851,1.0,0.0,0,none
1774736403.583,566137,stressed,general,manual_review_required,0.2,5449171.461070776,3190224.7267860086,0.07,0.08,0.92,0.93,0.07500000000000001,0.925,1333.3333333333326,108.1081081081082,0.0735033261048058,0.9264966738951943,0.029611045582644623,-0.029611045582644623,1.0,0.0,0,none
1774736481.668,1739838,stressed,sports,official_sports_feed,0.6,8850.867698907852,4668872.567881993,0.29,0.3,0.7,0.71,0.295,0.705,338.98305084745795,141.84397163120582,0.2910061596191118,0.7089938403808881,-0.6229392447410684,0.6229392447410684,1.0,0.0,0,none
1774736489.173,1753632,one_sided,sports,official_sports_feed,0.6,81810.58978796005,250615.3448420005,0.33,0.34,0.66,0.67,0.335,0.665,298.5074626865674,150.3759398496242,0.33994081317798164,0.6600591868220185,0.9702883356556282,-0.9702883356556282,1.0,0.0,0,none
1774736489.502,1476618,calm,sports,official_sports_feed,0.6,5910.288976430893,501491.1566279994,0.45,0.46,0.54,0.55,0.455,0.545,219.78021978021997,183.48623853211024,0.4592196260095389,0.5407803739904612,0.553698809322608,-0.553698809322608,1.0,0.0,0,none
1774736488.991,1753593,stressed,sports,official_sports_feed,0.6,63510.025269031525,449452.0897020001,0.24,0.25,0.75,0.76,0.245,0.755,408.1632653061228,132.45033112582794,0.24945549560456937,0.7505445043954306,0.7714800976905325,-0.7714800976905325,1.0,0.0,0,none
1774736489.901,1507751,stressed,politics,official_election_reporting,0.55,2770709.785651922,12268963.25660316,0.06,0.07,0.93,0.94,0.065,0.935,1538.4615384615397,106.95187165775292,0.06281079498785318,0.9371892050121466,0.5698093856635725,-0.5698093856635725,1.0,0.0,0,none
1774736486.732,566188,stressed,general,manual_review_required,0.2,5103509.520725727,9683391.106694974,0.11,0.12,0.88,0.89,0.11499999999999999,0.885,869.565217391304,112.99435028248598,0.11953331132040283,0.8804666886795972,0.28240659208834906,-0.28240659208834906,1.0,0.0,0,none
1774736473.603,566187,calm,general,manual_review_required,0.2,5103509.249503136,8174018.928183508,0.88,0.89,0.11,0.12,0.885,0.11499999999999999,112.99435028248598,869.565217391304,0.8800025130747458,0.11999748692525435,-0.10663535107892515,0.10663535107892515,1.0,0.0,0,none
1774736404.178,566136,stressed,general,manual_review_required,0.2,5449108.94795537,4810463.825276987,0.12,0.13,0.87,0.88,0.125,0.875,800.0000000000007,114.28571428571439,0.12162951709414299,0.8783704829058572,-0.009129835677008851,0.009129835677008851,1.0,0.0,0,none
1774736448.182,566137,stressed,general,manual_review_required,0.2,5449108.704852819,3190224.7267860086,0.07,0.08,0.92,0.93,0.07500000000000001,0.925,1333.3333333333326,108.1081081081082,0.07350325105388915,0.9264967489461109,0.029513494304239444,-0.029513494304239444,1.0,0.0,0,none
1774736548.841,1739838,stressed,sports,official_sports_feed,0.6,8788.085708856583,4668872.567881993,0.29,0.3,0.7,0.71,0.295,0.705,338.98305084745795,141.84397163120582,0.29100272070193994,0.7089972792980599,-0.6237441317199354,0.6237441317199354,1.0,0.0,0,none
1774736552.002,1753632,one_sided,sports,official_sports_feed,0.6,81747.8203856945,250615.3448420005,0.33,0.34,0.66,0.67,0.335,0.665,298.5074626865674,150.3759398496242,0.3399413581164924,0.6600586418835077,0.9704582020965162,-0.9704582020965162,1.0,0.0,0,none
1774736552.274,1476618,calm,sports,official_sports_feed,0.6,5847.573099851608,501491.1566279994,0.45,0.46,0.54,0.55,0.455,0.545,219.78021978021997,183.48623853211024,0.4592190970319474,0.5407809029680526,0.5536664323491409,-0.5536664323491409,1.0,0.0,0,none
1774736551.609,1753593,stressed,sports,official_sports_feed,0.6,63447.30158877373,449452.0897020001,0.24,0.25,0.75,0.76,0.245,0.755,408.1632653061228,132.45033112582794,0.24945553502347056,0.7505444649765295,0.7714943324641147,-0.7714943324641147,1.0,0.0,0,none
1774736552.509,1507751,stressed,politics,official_election_reporting,0.55,2770647.021544218,12268963.25660316,0.06,0.07,0.93,0.94,0.065,0.935,1538.4615384615397,106.95187165775292,0.0628107452252671,0.9371892547747329,0.569808170363778,-0.569808170363778,1.0,0.0,0,none
1774736548.065,566188,stressed,general,manual_review_required,0.2,5103446.743201733,9683391.106694974,0.11,0.12,0.88,0.89,0.11499999999999999,0.885,869.565217391304,112.99435028248598,0.11953423376943169,0.8804657662305684,0.28241535484428565,-0.28241535484428565,1.0,0.0,0,none
1774736496.116,566187,calm,general,manual_review_required,0.2,5103446.495181322,8174018.928183508,0.88,0.89,0.11,0.12,0.885,0.11499999999999999,112.99435028248598,869.565217391304,0.8800025130747458,0.11999748692525435,-0.10663535107892515,0.10663535107892515,1.0,0.0,0,none
1774736404.178,566136,stressed,general,manual_review_required,0.2,5449046.204594135,4810463.825276987,0.12,0.13,0.87,0.88,0.125,0.875,800.0000000000007,114.28571428571439,0.12162951709414299,0.8783704829058572,-0.009129835677008851,0.009129835677008851,1.0,0.0,0,none
1774736509.0,566137,stressed,general,manual_review_required,0.2,5449045.927513838,3190224.7267860086,0.07,0.08,0.92,0.93,0.07500000000000001,0.925,1333.3333333333326,108.1081081081082,0.0735033261048058,0.9264966738951943,0.029611045582644623,-0.029611045582644623,1.0,0.0,0,none
1774736614.536,1739838,stressed,sports,official_sports_feed,0.6,8725.349081277847,4670730.788053991,0.29,0.3,0.7,0.71,0.295,0.705,338.98305084745795,141.84397163120582,0.2910022424394158,0.7089977552653517,-0.618871060207957,0.6188706335902058,1.0,0.0,0,none
1774736607.584,1753632,one_sided,sports,official_sports_feed,0.6,81685.094165802,250615.3448420005,0.33,0.34,0.66,0.67,0.335,0.665,298.5074626865674,150.3759398496242,0.3399402581206319,0.6600597418793682,0.9700144470748779,-0.9700144470748779,1.0,0.0,0,none
1774736602.529,1476618,calm,sports,official_sports_feed,0.6,5784.797221899033,501527.5202629994,0.45,0.46,0.54,0.55,0.455,0.545,219.78021978021997,183.48623853211024,0.4592196260095389,0.5407803739904612,0.5467381465353713,-0.5467381465353713,1.0,0.0,0,none
1774736607.509,1753593,stressed,sports,official_sports_feed,0.6,63384.50911474228,449805.63127700007,0.24,0.25,0.75,0.76,0.245,0.755,408.1632653061228,132.45033112582794,0.24945513032060257,0.7505448696793975,0.7713368484434288,-0.7713368484434288,1.0,0.0,0,none
1774736614.886,1507751,stressed,politics,official_election_reporting,0.55,2770584.239606619,12268963.25660316,0.06,0.07,0.93,0.94,0.065,0.935,1538.4615384615397,106.95187165775292,0.0628107452252671,0.9371892547747329,0.5698092619825339,-0.5698092619825339,1.0,0.0,0,none
1774736611.146,566188,stressed,general,manual_review_required,0.2,5103383.961146116,9683392.226694971,0.11,0.12,0.88,0.89,0.11499999999999999,0.885,869.565217391304,112.99435028248598,0.11953423376943169,0.8804657662305684,0.28241291395316187,-0.28241291395316187,1.0,0.0,0,none
1774736610.656,566187,calm,general,manual_review_required,0.2,5103383.6994252205,8174018.928183508,0.88,0.89,0.11,0.12,0.885,0.11499999999999999,112.99435028248598,869.565217391304,0.8800025130747458,0.11999748692525435,-0.11223268043393221,0.11223268043393221,1.0,0.0,0,none
1774736601.76,566136,stressed,general,manual_review_required,0.2,5448983.417410374,4810463.825276987,0.12,0.13,0.87,0.88,0.125,0.875,800.0000000000007,114.28571428571439,0.12162951709414299,0.8783704829058572,-0.009123530044694024,0.009123530044694024,1.0,0.0,0,none
1774736574.492,566137,stressed,general,manual_review_required,0.2,5448983.167851448,3190224.7267860086,0.07,0.08,0.92,0.93,0.07500000000000001,0.925,1333.3333333333326,108.1081081081082,0.0735033261048058,0.9264966738951943,0.02952402053083844,-0.02952402053083844,1.0,0.0,0,none
1774736666.086,1739838,stressed,sports,official_sports_feed,0.6,8662.629078865051,4670730.788053991,0.29,0.3,0.7,0.71,0.295,0.705,338.98305084745795,141.84397163120582,0.29053115627419746,0.7094688437258024,-0.6597930685932901,0.6597930685932901,1.0,0.0,0,none
1774736668.872,1753632,one_sided,sports,official_sports_feed,0.6,81622.38499403,250615.3448420005,0.33,0.34,0.66,0.67,0.335,0.665,298.5074626865674,150.3759398496242,0.33994025814865025,0.6600597418513499,0.9700101211240909,-0.9700101211240909,1.0,0.0,0,none
1774736667.299,1476618,calm,sports,official_sports_feed,0.6,5722.136509656906,501527.5202629994,0.45,0.46,0.54,0.55,0.455,0.545,219.78021978021997,183.48623853211024,0.45922705429504457,0.5407729457049555,0.5520338038602237,-0.5520338038602237,1.0,0.0,0,none
1774736673.284,1753593,stressed,sports,official_sports_feed,0.6,63321.88183116913,449805.63127700007,0.24,0.25,0.75,0.76,0.245,0.755,408.1632653061228,132.45033112582794,0.2494698902160307,0.7505301097839694,0.7770847862472219,-0.7770847862472219,1.0,0.0,0,none
1774736678.256,1507751,stressed,politics,official_election_reporting,0.55,2770521.6266231537,12268963.25660316,0.06,0.07,0.93,0.94,0.065,0.935,1538.4615384615397,106.95187165775292,0.06281080494058185,0.9371891950594181,0.5681534767377872,-0.5681460438499677,1.0,0.0,0,none
1774736673.264,566188,stressed,general,manual_review_required,0.2,5103321.377291679,9683392.226694971,0.11,0.12,0.88,0.89,0.11499999999999999,0.885,869.565217391304,112.99435028248598,0.11953423376943169,0.8804657662305684,0.2799690044456334,-0.2799690044456334,1.0,0.0,0,none
1774736676.822,566187,calm,general,manual_review_required,0.2,5103321.11644125,8174018.928183508,0.88,0.89,0.11,0.12,0.885,0.11499999999999999,112.99435028248598,869.565217391304,0.8800025130747458,0.11999748692525435,-0.11211964571557598,0.11211964571557598,1.0,0.0,0,none
1774736601.76,566136,stressed,general,manual_review_required,0.2,5448920.855478287,4810463.825276987,0.12,0.13,0.87,0.88,0.125,0.875,800.0000000000007,114.28571428571439,0.12162951709414299,0.8783704829058572,-0.009123530044694024,0.009123530044694024,1.0,0.0,0,none
1774736635.001,566137,stressed,general,manual_review_required,0.2,5448920.582109928,3190224.7267860086,0.07,0.08,0.92,0.93,0.07500000000000001,0.925,1333.3333333333326,108.1081081081082,0.0735033261048058,0.9264966738951943,0.029611045582644623,-0.029611045582644623,1.0,0.0,0,none
1774736737.396,1739838,stressed,sports,official_sports_feed,0.6,8599.635069847107,4670730.788053991,0.29,0.3,0.7,0.71,0.295,0.705,338.98305084745795,141.84397163120582,0.29051643571904734,0.7094835642809526,-0.6632952557242985,0.6632952557242985,1.0,0.0,0,none
1774736740.586,1753632,one_sided,sports,official_sports_feed,0.6,81559.3396935463,250615.3448420005,0.33,0.34,0.66,0.67,0.335,0.665,298.5074626865674,150.3759398496242,0.33994363833659785,0.6600563616634022,0.9716805764042148,-0.9716805764042148,1.0,0.0,0,none
1774736736.219,1476618,calm,sports,official_sports_feed,0.6,5659.048047780991,501527.5202629994,0.45,0.46,0.54,0.55,0.455,0.545,219.78021978021997,183.48623853211024,0.45922652446473594,0.540773475535264,0.5520012887173827,-0.5520012887173827,1.0,0.0,0,none
1774736741.207,1753593,stressed,sports,official_sports_feed,0.6,63258.753088474274,449805.63127700007,0.24,0.25,0.75,0.76,0.245,0.755,408.1632653061228,132.45033112582794,0.24948631655941708,0.750513683440583,0.7834727330507723,-0.7834727330507723,1.0,0.0,0,none
1774736741.45,1507751,stressed,politics,official_election_reporting,0.55,2770458.4462561607,12268963.25660316,0.06,0.07,0.93,0.94,0.065,0.935,1538.4615384615397,106.95187165775292,0.06281055614350839,0.9371894438564916,0.5697977946839581,-0.5697977946839581,1.0,0.0,0,none
1774736735.908,566188,stressed,general,manual_review_required,0.2,5103258.158623934,9683392.226694971,0.11,0.12,0.88,0.89,0.11499999999999999,0.885,869.565217391304,112.99435028248598,0.11953423376943169,0.8804657662305684,0.27997666452178566,-0.27997666452178566,1.0,0.0,0,none
1774736734.93,566187,calm,general,manual_review_required,0.2,5103257.828633785,8174018.928183508,0.88,0.89,0.11,0.12,0.885,0.11499999999999999,112.99435028248598,869.565217391304,0.8800025130747458,0.11999748692525435,-0.11225497622307683,0.11225497622307683,1.0,0.0,0,none
1774736730.218,566136,stressed,general,manual_review_required,0.2,5448857.531411409,4810463.825276987,0.12,0.13,0.87,0.88,0.125,0.875,800.0000000000007,114.28571428571439,0.12162951709414299,0.8783704829058572,-0.009123530044694024,0.009123530044694024,1.0,0.0,0,none
1774736727.601,566137,stressed,general,manual_review_required,0.2,5448857.249264717,3190224.7267860086,0.07,0.08,0.92,0.93,0.07500000000000001,0.925,1333.3333333333326,108.1081081081082,0.0735033261048058,0.9264966738951943,0.02952402053083844,-0.02952402053083844,1.0,0.0,0,none
1774736802.984,1739838,stressed,sports,official_sports_feed,0.6,8536.74314236641,4670973.283684991,0.29,0.3,0.7,0.71,0.295,0.705,338.98305084745795,141.84397163120582,0.2905078447411615,0.7094921552588384,-0.6651696983003845,0.6651696983003845,1.0,0.0,0,none
1774736796.493,1753632,one_sided,sports,official_sports_feed,0.6,81496.50129532814,250615.3448420005,0.33,0.34,0.66,0.67,0.335,0.665,298.5074626865674,150.3759398496242,0.3399444860133501,0.66005551398665,0.9720982450836233,-0.9720982450836233,1.0,0.0,0,none
1774736797.603,1476618,calm,sports,official_sports_feed,0.6,5596.267872095108,501527.5202629994,0.45,0.46,0.54,0.55,0.455,0.545,219.78021978021997,183.48623853211024,0.45922705429504457,0.5407729457049555,0.5470908909909381,-0.5470908909909381,1.0,0.0,0,none
1774736803.702,1753593,stressed,sports,official_sports_feed,0.6,63196.01896858215,449809.63127700007,0.24,0.25,0.75,0.76,0.245,0.755,408.1632653061228,132.45033112582794,0.2494958508828523,0.7505041491171477,0.7872166469597496,-0.7872166469597496,1.0,0.0,0,none
1774736803.672,1507751,stressed,politics,official_election_reporting,0.55,2770395.7561118603,12269206.32296916,0.06,0.07,0.93,0.94,0.065,0.935,1538.4615384615397,106.95187165775292,0.0628120819911296,0.9371879180088704,0.5698090196425483,-0.5698090196425483,1.0,0.0,0,none
1774736800.562,566188,stressed,general,manual_review_required,0.2,5103195.508104086,9683392.226694971,0.11,0.12,0.88,0.89,0.11499999999999999,0.885,869.565217391304,112.99435028248598,0.11953423376943169,0.8804657662305684,0.27997666452178566,-0.27997666452178566,1.0,0.0,0,none
1774736772.235,566187,calm,general,manual_review_required,0.2,5103195.233268499,8174018.928183508,0.88,0.89,0.11,0.12,0.885,0.11499999999999999,112.99435028248598,869.565217391304,0.8800025130747458,0.11999748692525435,-0.11225497622307683,0.11225497622307683,1.0,0.0,0,none
1774736730.218,566136,stressed,general,manual_review_required,0.2,5448794.961644888,4810463.825276987,0.12,0.13,0.87,0.88,0.125,0.875,800.0000000000007,114.28571428571439,0.12162951709414299,0.8783704829058572,-0.009123530044694024,0.009123530044694024,1.0,0.0,0,none
1774736761.003,566137,stressed,general,manual_review_required,0.2,5448794.72828722,3190224.7267860086,0.07,0.08,0.92,0.93,0.07500000000000001,0.925,1333.3333333333326,108.1081081081082,0.0735033261048058,0.9264966738951943,0.029611045582644623,-0.029611045582644623,1.0,0.0,0,none
1774736861.791,1739838,stressed,sports,official_sports_feed,0.6,8474.189088106155,4670973.283684991,0.29,0.3,0.7,0.71,0.295,0.705,338.98305084745795,141.84397163120582,0.2905126256364393,0.7094873743635606,-0.6717645555914257,0.6717645555914257,1.0,0.0,0,none
1774736865.879,1753632,one_sided,sports,official_sports_feed,0.6,81433.93705654144,250615.3448420005,0.33,0.34,0.66,0.67,0.335,0.665,298.5074626865674,150.3759398496242,0.3399456750985458,0.6600543249014543,0.9726840593515822,-0.9726840593515822,1.0,0.0,0,none
1774736851.242,1476618,calm,sports,official_sports_feed,0.6,5533.653357505798,501527.5202629994,0.45,0.46,0.54,0.55,0.455,0.545,219.78021978021997,183.48623853211024,0.45922705429504457,0.5407729457049555,0.5470908909909381,-0.5470908909909381,1.0,0.0,0,none
1774736866.361,1753593,stressed,sports,official_sports_feed,0.6,63133.37752866745,449809.63127700007,0.24,0.25,0.75,0.76,0.245,0.755,408.1632653061228,132.45033112582794,0.2494991163772348,0.7505008836227652,0.7885008399616198,-0.7885008399616198,1.0,0.0,0,none
1774736866.109,1507751,stressed,politics,official_election_reporting,0.55,2770333.123276472,12269206.32296916,0.06,0.07,0.93,0.94,0.065,0.935,1538.4615384615397,106.95187165775292,0.06281248197151565,0.9371875180284843,0.5696932388390071,-0.5696932388390071,1.0,0.0,0,none
1774736863.531,566188,stressed,general,manual_review_required,0.2,5103132.873142481,9683392.226694971,0.11,0.12,0.88,0.89,0.11499999999999999,0.885,869.565217391304,112.99435028248598,0.11953423376943169,0.8804657662305684,0.27997666452178566,-0.27997666452178566,1.0,0.0,0,none
1774736861.549,566187,calm,general,manual_review_required,0.2,5103132.643821478,8174018.928183508,0.88,0.89,0.11,0.12,0.885,0.11499999999999999,112.99435028248598,869.565217391304,0.8800025130747458,0.11999748692525435,-0.11225497622307683,0.11225497622307683,1.0,0.0,0,none
1774736857.212,566136,stressed,general,manual_review_required,0.2,5448732.349463463,4810463.825276987,0.12,0.13,0.87,0.88,0.125,0.875,800.0000000000007,114.28571428571439,0.12162951709414299,0.8783704829058572,-0.009123530044694024,0.009123530044694024,1.0,0.0,0,none
1774736856.503,566137,stressed,general,manual_review_required,0.2,5448732.087643385,3190224.7267860086,0.07,0.08,0.92,0.93,0.07500000000000001,0.925,1333.3333333333326,108.1081081081082,0.0735033261048058,0.9264966738951943,0.02952402053083844,-0.02952402053083844,1.0,0.0,0,none
1774736928.431,1739838,stressed,sports,official_sports_feed,0.6,8411.491880655289,4670973.283684991,0.29,0.3,0.7,0.71,0.295,0.705,338.98305084745795,141.84397163120582,0.29000693845164777,0.7099933928234528,-0.6463069293978151,0.6463321089567721,1.0,0.0,0,none
1774736925.101,1753632,one_sided,sports,official_sports_feed,0.6,81371.24549412727,250615.3448420005,0.33,0.34,0.66,0.67,0.335,0.665,298.5074626865674,150.3759398496242,0.3399447233905509,0.6600552766094492,0.9722125444307118,-0.9722125444307118,1.0,0.0,0,none
1774736928.747,1476618,calm,sports,official_sports_feed,0.6,5470.988046646118,501527.5202629994,0.45,0.46,0.54,0.55,0.455,0.545,219.78021978021997,183.48623853211024,0.45922309113975873,0.5407769088602413,0.5471619072814505,-0.5471619072814505,1.0,0.0,0,none
1774736929.071,1753593,stressed,sports,official_sports_feed,0.6,63070.706295251846,449809.63127700007,0.24,0.25,0.75,0.76,0.245,0.755,408.1632653061228,132.45033112582794,0.24949334235505327,0.7505066576449467,0.7862282788148446,-0.7862282788148446,1.0,0.0,0,none
1774736929.473,1507751,stressed,politics,official_election_reporting,0.55,2770270.4365181923,12269206.32296916,0.06,0.07,0.93,0.94,0.065,0.935,1538.4615384615397,106.95187165775292,0.06281248197151565,0.9371875180284843,0.5817394794515885,-0.5817394794515885,1.0,0.0,0,none
1774736924.904,566188,stressed,general,manual_review_required,0.2,5103070.176764727,9683392.226694971,0.11,0.12,0.88,0.89,0.11499999999999999,0.885,869.565217391304,112.99435028248598,0.11953423376943169,0.8804657662305684,0.27997666452178566,-0.27997666452178566,1.0,0.0,0,none
1774736921.602,566187,calm,general,manual_review_required,0.2,5103069.9268734455,8174018.928183508,0.88,0.89,0.11,0.12,0.885,0.11499999999999999,112.99435028248598,869.565217391304,0.8800025130747458,0.11999748692525435,-0.11223268043393221,0.11223268043393221,1.0,0.0,0,none
1774736903.187,566136,stressed,general,manual_review_required,0.2,5448669.662204266,4810463.825276987,0.12,0.13,0.87,0.88,0.125,0.875,800.0000000000007,114.28571428571439,0.12162951709414299,0.8783704829058572,-0.009129835677008851,0.009129835677008851,1.0,0.0,0,none
1774736888.0,566137,stressed,general,manual_review_required,0.2,5448669.422869682,3190224.7267860086,0.07,0.08,0.92,0.93,0.07500000000000001,0.925,1333.3333333333326,108.1081081081082,0.0735033261048058,0.9264966738951943,0.029611045582644623,-0.029611045582644623,1.0,0.0,0,none
1774736991.099,1753632,one_sided,sports,official_sports_feed,0.6,81308.67714810371,250615.3448420005,0.33,0.34,0.66,0.67,0.335,0.665,298.5074626865674,150.3759398496242,0.3399440460301351,0.6600559539698649,0.9714774090835133,-0.9714774090835133,1.0,0.0,0,none
1774736983.548,1476618,calm,sports,official_sports_feed,0.6,5408.431414365768,501802.5202629994,0.45,0.46,0.54,0.55,0.455,0.545,219.78021978021997,183.48623853211024,0.45922362131657474,0.5407763786834254,0.5516906575304309,-0.5516906575304309,1.0,0.0,0,none
1774736990.703,1753593,stressed,sports,official_sports_feed,0.6,63008.17059803009,449809.63127700007,0.24,0.25,0.75,0.76,0.245,0.755,408.1632653061228,132.45033112582794,0.24948083519800832,0.7505191648019917,0.7821307948962254,-0.7821307948962254,1.0,0.0,0,none
1774736991.972,1739838,stressed,sports,official_sports_feed,0.6,8347.928002357483,4784960.264284991,0.28,0.29,0.71,0.72,0.28500000000000003,0.715,350.87719298245446,139.86013986014,0.2899195430498351,0.7100804574768775,-0.6292276074821779,0.6292178862334942,1.0,0.0,0,none
1774736992.283,1507751,stressed,politics,official_election_reporting,0.55,2770207.691725731,12269206.32296916,0.06,0.07,0.93,0.94,0.065,0.935,1538.4615384615397,106.95187165775292,0.06281248197151565,0.9371875180284843,0.5793584652913152,-0.5793510070942437,1.0,0.0,0,none
1774736990.835,566188,stressed,general,manual_review_required,0.2,5103007.460768223,9683392.226694971,0.11,0.12,0.88,0.89,0.11499999999999999,0.885,869.565217391304,112.99435028248598,0.11953423376943169,0.8804657662305684,0.27997666452178566,-0.27997666452178566,1.0,0.0,0,none
1774736990.993,566187,calm,general,manual_review_required,0.2,5103007.231976509,8174018.928183508,0.88,0.89,0.11,0.12,0.885,0.11499999999999999,112.99435028248598,869.565217391304,0.8800025130747458,0.11999748692525435,-0.11238350199913763,0.11238350199913763,1.0,0.0,0,none
1774736983.476,566136,stressed,general,manual_review_required,0.2,5448606.955148697,4810463.825276987,0.12,0.13,0.87,0.88,0.125,0.875,800.0000000000007,114.28571428571439,0.12162951709414299,0.8783704829058572,-0.009129835677008851,0.009129835677008851,1.0,0.0,0,none
1774736960.345,566137,stressed,general,manual_review_required,0.2,5448606.705555439,3190224.7267860086,0.07,0.08,0.92,0.93,0.07500000000000001,0.925,1333.3333333333326,108.1081081081082,0.0735033261048058,0.9264966738951943,0.02952402053083844,-0.02952402053083844,1.0,0.0,0,none
1774737053.072,1753632,one_sided,sports,official_sports_feed,0.6,81246.18811368942,250615.3448420005,0.33,0.34,0.66,0.67,0.335,0.665,298.5074626865674,150.3759398496242,0.33994299944523515,0.6600570005547649,0.9713630262094399,-0.9713630262094399,1.0,0.0,0,none
1774737044.179,1476618,calm,sports,official_sports_feed,0.6,5345.926625967026,501802.5202629994,0.45,0.46,0.54,0.55,0.455,0.545,219.78021978021997,183.48623853211024,0.4592243271414124,0.5407756728585876,0.5468925518196935,-0.5468925518196935,1.0,0.0,0,none
1774737054.255,1753593,stressed,sports,official_sports_feed,0.6,62945.636074543,449809.63127700007,0.24,0.25,0.75,0.76,0.245,0.755,408.1632653061228,132.45033112582794,0.24947807501162841,0.7505219248188233,0.7801080284174184,-0.7801080947966328,1.0,0.0,0,none
1774737054.582,1739838,stressed,sports,official_sports_feed,0.6,8285.38318824768,4784960.264284991,0.28,0.29,0.71,0.72,0.28500000000000003,0.715,350.87719298245446,139.86013986014,0.2896537699199094,0.7103462278201251,-0.6367269002726037,0.6367251331834511,1.0,0.0,0,none
1774737054.469,1507751,stressed,politics,official_election_reporting,0.55,2770145.1119499207,12269206.32296916,0.06,0.07,0.93,0.94,0.065,0.935,1538.4615384615397,106.95187165775292,0.06281251737768812,0.9371874826223118,0.5814139712803846,-0.5814139712803846,1.0,0.0,0,none
1774737053.424,566188,stressed,general,manual_review_required,0.2,5102944.86158061,9683392.226694971,0.11,0.12,0.88,0.89,0.11499999999999999,0.885,869.565217391304,112.99435028248598,0.11953423376943169,0.8804657662305684,0.2800739367612219,-0.2800739367612219,1.0,0.0,0,none
1774737049.822,566187,calm,general,manual_review_required,0.2,5102944.584813356,8174018.928183508,0.88,0.89,0.11,0.12,0.885,0.11499999999999999,112.99435028248598,869.565217391304,0.8800025240072152,0.11999747599278487,-0.11202940245248175,0.11202940245248175,1.0,0.0,0,none
1774737029.649,566136,stressed,general,manual_review_required,0.2,5448544.313671112,4810463.825276987,0.12,0.13,0.87,0.88,0.125,0.875,800.0000000000007,114.28571428571439,0.12162951709414299,0.8783704829058572,-0.00916451454068236,0.00916451454068236,1.0,0.0,0,none
1774737014.0,566137,stressed,general,manual_review_required,0.2,5448544.054659843,3190224.7267860086,0.07,0.08,0.92,0.93,0.07500000000000001,0.925,1333.3333333333326,108.1081081081082,0.0735033261048058,0.9264966738951943,0.029611045582644623,-0.029611045582644623,1.0,0.0,0,none
1774737116.162,1753632,one_sided,sports,official_sports_feed,0.6,81183.42479538918,250615.3448420005,0.33,0.34,0.66,0.67,0.335,0.665,298.5074626865674,150.3759398496242,0.3399432873366881,0.660056712663312,0.9715053875417698,-0.9715053875417698,1.0,0.0,0,none
1774737113.905,1476618,calm,sports,official_sports_feed,0.6,5283.149912118912,501802.5202629994,0.45,0.46,0.54,0.55,0.455,0.545,219.78021978021997,183.48623853211024,0.4592124380504323,0.5407875619495677,0.5410047255415809,-0.5410047255415809,1.0,0.0,0,none
1774737114.659,1753593,stressed,sports,official_sports_feed,0.6,62882.838817596436,449809.63127700007,0.24,0.25,0.75,0.76,0.245,0.755,408.1632653061228,132.45033112582794,0.2494774910578296,0.7505225089421704,0.7808242970863202,-0.7808242970863202,1.0,0.0,0,none
1774737115.892,1739838,stressed,sports,official_sports_feed,0.6,8222.552770376205,4784960.264284991,0.28,0.29,0.71,0.72,0.28500000000000003,0.715,350.87719298245446,139.86013986014,0.2896738924709443,0.7103261075290556,-0.6128818001896889,0.6128818001896889,1.0,0.0,0,none
1774737116.898,1507751,stressed,politics,official_election_reporting,0.55,2770082.283024311,12269206.32296916,0.06,0.07,0.93,0.94,0.065,0.935,1538.4615384615397,106.95187165775292,0.06281226312725903,0.937187736872741,0.5813955418662026,-0.5813955418662026,1.0,0.0,0,none
1774737117.523,566188,stressed,general,manual_review_required,0.2,5102882.00612855,9683392.226694971,0.11,0.12,0.88,0.89,0.11499999999999999,0.885,869.565217391304,112.99435028248598,0.11953423376943169,0.8804657662305684,0.2800739367612219,-0.2800739367612219,1.0,0.0,0,none
1774737091.926,566187,calm,general,manual_review_required,0.2,5102881.7168715,8174018.928183508,0.88,0.89,0.11,0.12,0.885,0.11499999999999999,112.99435028248598,869.565217391304,0.8800025240072152,0.11999747599278487,-0.11186604239822066,0.11186604239822066,1.0,0.0,0,none
1774737029.649,566136,stressed,general,manual_review_required,0.2,5448481.427326918,4810463.825276987,0.12,0.13,0.87,0.88,0.125,0.875,800.0000000000007,114.28571428571439,0.12162951709414299,0.8783704829058572,-0.00916451454068236,0.00916451454068236,1.0,0.0,0,none
1774737080.416,566137,stressed,general,manual_review_required,0.2,5448481.168222904,3190224.7267860086,0.07,0.08,0.92,0.93,0.07500000000000001,0.925,1333.3333333333326,108.1081081081082,0.0735033261048058,0.9264966738951943,0.02952402053083844,-0.02952402053083844,1.0,0.0,0,none
1774737179.043,1753632,one_sided,sports,official_sports_feed,0.6,81120.38555717468,250615.3448420005,0.33,0.34,0.66,0.67,0.335,0.665,298.5074626865674,150.3759398496242,0.3399437877922202,0.6600562122077799,0.9717453279193106,-0.9717453279193106,1.0,0.0,0,none
1774737173.186,1476618,calm,sports,official_sports_feed,0.6,5220.103514671326,501802.5202629994,0.45,0.46,0.54,0.55,0.455,0.545,219.78021978021997,183.48623853211024,0.45921516859570355,0.5407848314042965,0.5380879000637477,-0.5380879000637477,1.0,0.0,0,none
1774737178.005,1753593,stressed,sports,official_sports_feed,0.6,62819.85078525543,449809.63127700007,0.24,0.25,0.75,0.76,0.245,0.755,408.1632653061228,132.45033112582794,0.24947745694276527,0.7505225430572348,0.7807701509194486,-0.7807701509194486,1.0,0.0,0,none
1774737180.211,1739838,stressed,sports,official_sports_feed,0.6,8159.579980373383,4784960.264284991,0.28,0.29,0.71,0.72,0.28500000000000003,0.715,350.87719298245446,139.86013986014,0.2896774682859736,0.7103225317140263,-0.6125216561497518,0.6125216561497518,1.0,0.0,0,none
1774737180.583,1507751,stressed,politics,official_election_reporting,0.55,2770019.285560608,12269206.32296916,0.06,0.07,0.93,0.94,0.065,0.935,1538.4615384615397,106.95187165775292,0.06281246758545936,0.9371875324145407,0.5813411820601138,-0.5813411820601138,1.0,0.0,0,none
1774737180.719,566188,stressed,general,manual_review_required,0.2,5102819.006565809,9683392.226694971,0.11,0.12,0.88,0.89,0.11499999999999999,0.885,869.565217391304,112.99435028248598,0.11953423376943169,0.8804657662305684,0.2800739367612219,-0.2800739367612219,1.0,0.0,0,none
1774737170.182,566187,calm,general,manual_review_required,0.2,5102818.718798161,8174018.928183508,0.88,0.89,0.11,0.12,0.885,0.11499999999999999,112.99435028248598,869.565217391304,0.8800025240072152,0.11999747599278487,-0.11186604239822066,0.11186604239822066,1.0,0.0,0,none
1774737145.738,566136,stressed,general,manual_review_required,0.2,5448418.401650429,4810463.825276987,0.12,0.13,0.87,0.88,0.125,0.875,800.0000000000007,114.28571428571439,0.12162951709414299,0.8783704829058572,-0.00916451454068236,0.00916451454068236,1.0,0.0,0,none
1774737144.73,566137,stressed,general,manual_review_required,0.2,5448418.066683531,3190224.7267860086,0.07,0.08,0.92,0.93,0.07500000000000001,0.925,1333.3333333333326,108.1081081081082,0.0735033261048058,0.9264966738951943,0.029611045582644623,-0.029611045582644623,1.0,0.0,0,none
1774737239.536,1753632,one_sided,sports,official_sports_feed,0.6,81057.331843853,250615.3448420005,0.33,0.34,0.66,0.67,0.335,0.665,298.5074626865674,150.3759398496242,0.3399437877922202,0.6600562122077799,0.9717509071154388,-0.9717509071154388,1.0,0.0,0,none
1774737238.683,1476618,calm,sports,official_sports_feed,0.6,5157.050049304962,501802.5202629994,0.45,0.46,0.54,0.55,0.455,0.545,219.78021978021997,183.48623853211024,0.45917832846871126,0.5408216715312888,0.5354978959844142,-0.5354978959844142,1.0,0.0,0,none
1774737242.944,1753593,stressed,sports,official_sports_feed,0.6,62756.73959302902,449809.63127700007,0.24,0.25,0.75,0.76,0.245,0.755,408.1632653061228,132.45033112582794,0.24947748980877463,0.7505225101912255,0.7800113905717012,-0.7800113905717012,1.0,0.0,0,none
1774737239.559,1739838,stressed,sports,official_sports_feed,0.6,8096.45320391655,4784960.264284991,0.28,0.29,0.71,0.72,0.28500000000000003,0.715,350.87719298245446,139.86013986014,0.2895019289397361,0.7104980710602637,-0.6146039448274707,0.6146039448274707,1.0,0.0,0,none
1774737243.76,1507751,stressed,politics,official_election_reporting,0.55,2769956.1934473515,12269206.32296916,0.06,0.07,0.93,0.94,0.065,0.935,1538.4615384615397,106.95187165775292,0.06281227839106775,0.9371877216089322,0.5818336649453903,-0.5818376386176705,1.0,0.0,0,none
1774737243.507,566188,stressed,general,manual_review_required,0.2,5102755.930938959,9683392.226694971,0.11,0.12,0.88,0.89,0.11499999999999999,0.885,869.565217391304,112.99435028248598,0.11953423376943169,0.8804657662305684,0.2800739367612219,-0.2800739367612219,1.0,0.0,0,none
1774737224.651,566187,calm,general,manual_review_required,0.2,5102755.644457817,8174018.928183508,0.88,0.89,0.11,0.12,0.885,0.11499999999999999,112.99435028248598,869.565217391304,0.8800025240072152,0.11999747599278487,-0.11186604239822066,0.11186604239822066,1.0,0.0,0,none
1774737145.738,566136,stressed,general,manual_review_required,0.2,5448355.359520674,4810463.825276987,0.12,0.13,0.87,0.88,0.125,0.875,800.0000000000007,114.28571428571439,0.12162951709414299,0.8783704829058572,-0.00916451454068236,0.00916451454068236,1.0,0.0,0,none
1774737206.765,566137,stressed,general,manual_review_required,0.2,5448355.046960354,3190224.7267860086,0.07,0.08,0.92,0.93,0.07500000000000001,0.925,1333.3333333333326,108.1081081081082,0.0735033261048058,0.9264966738951943,0.02952402053083844,-0.02952402053083844,1.0,0.0,0,none
1774737305.807,1753632,one_sided,sports,official_sports_feed,0.6,80994.03600406647,250615.3448420005,0.33,0.34,0.66,0.67,0.335,0.665,298.5074626865674,150.3759398496242,0.3399437878170236,0.6600562122077799,0.9717509193534642,-0.9717509071154388,1.0,0.0,0,none
1774737306.001,1476618,calm,sports,official_sports_feed,0.6,5093.422468423843,501802.5202629994,0.45,0.46,0.54,0.55,0.455,0.545,219.78021978021997,183.48623853211024,0.45917832024335503,0.540821679756645,0.5302007630979522,-0.5302007630979522,1.0,0.0,0,none
1774737306.723,1753593,stressed,sports,official_sports_feed,0.6,62693.00990104675,449809.63127700007,0.24,0.25,0.75,0.76,0.245,0.755,408.1632653061228,132.45033112582794,0.24947748997849076,0.7505225100215093,0.7800114533862365,-0.7800114533862365,1.0,0.0,0,none
1774737301.894,1739838,stressed,sports,official_sports_feed,0.6,8032.675782203674,4784960.264284991,0.28,0.29,0.71,0.72,0.28500000000000003,0.715,350.87719298245446,139.86013986014,0.28950418150606244,0.7104958184939375,-0.6202311051702445,0.6202311051702445,1.0,0.0,0,none
1774737307.305,1507751,stressed,politics,official_election_reporting,0.55,2769892.338898897,12269206.32296916,0.06,0.07,0.93,0.94,0.065,0.935,1538.4615384615397,106.95187165775292,0.0628008020097301,0.9371991979902698,0.5798275440920838,-0.5798275440920838,1.0,0.0,0,none
1774737306.718,566188,stressed,general,manual_review_required,0.2,5102691.9702215195,9683392.226694971,0.11,0.12,0.88,0.89,0.11499999999999999,0.885,869.565217391304,112.99435028248598,0.11953423376943169,0.8804657662305684,0.2800739367612219,-0.2800739367612219,1.0,0.0,0,none
1774737269.512,566187,calm,general,manual_review_required,0.2,5102691.695627928,8174018.928183508,0.88,0.89,0.11,0.12,0.885,0.11499999999999999,112.99435028248598,869.565217391304,0.8800025240072152,0.11999747599278487,-0.11186604239822066,0.11186604239822066,1.0,0.0,0,none
1774737145.738,566136,stressed,general,manual_review_required,0.2,5448291.387000322,4810463.825276987,0.12,0.13,0.87,0.88,0.125,0.875,800.0000000000007,114.28571428571439,0.12162951709414299,0.8783704829058572,-0.00916451454068236,0.00916451454068236,1.0,0.0,0,none
1774737267.0,566137,stressed,general,manual_review_required,0.2,5448291.075161934,3190224.7267860086,0.07,0.08,0.92,0.93,0.07500000000000001,0.925,1333.3333333333326,108.1081081081082,0.0735033261048058,0.9264966738951943,0.029611045582644623,-0.029611045582644623,1.0,0.0,0,none
1774737363.639,1753632,one_sided,sports,official_sports_feed,0.6,80930.3282315731,250615.3448420005,0.33,0.34,0.66,0.67,0.335,0.665,298.5074626865674,150.3759398496242,0.3399437877922202,0.6600562122077799,0.9717522736449712,-0.9717522736449712,1.0,0.0,0,none
1774737369.871,1476618,calm,sports,official_sports_feed,0.6,5030.074322462082,518002.73156399943,0.45,0.46,0.54,0.55,0.455,0.545,219.78021978021997,183.48623853211024,0.4591759861352144,0.5408240138647856,0.5350127630612924,-0.5350054820705876,1.0,0.0,0,none
1774737370.081,1753593,stressed,sports,official_sports_feed,0.6,62629.83281874657,449809.63127700007,0.24,0.25,0.75,0.76,0.245,0.755,408.1632653061228,132.45033112582794,0.24947701440211723,0.7505229873173018,0.7798185141591313,-0.7798178415176382,1.0,0.0,0,none
1774737370.323,1739838,stressed,sports,official_sports_feed,0.6,7969.580621480942,4916928.8187619895,0.28,0.29,0.71,0.72,0.28500000000000003,0.715,350.87719298245446,139.86013986014,0.2895043834891224,0.7104956135241163,-0.6190795544808656,0.6190778231554283,1.0,0.0,0,none
1774737370.276,1507751,stressed,politics,official_election_reporting,0.55,2769829.312864065,12269206.32296916,0.06,0.07,0.93,0.94,0.065,0.935,1538.4615384615397,106.95187165775292,0.06280269345789408,0.9371973065421058,0.5796720606411913,-0.5796720606411913,1.0,0.0,0,none
1774737369.49,566188,stressed,general,manual_review_required,0.2,5102629.082658529,9683392.226694971,0.11,0.12,0.88,0.89,0.11499999999999999,0.885,869.565217391304,112.99435028248598,0.11953423376943169,0.8804657662305684,0.27998100413077576,-0.27998100413077576,1.0,0.0,0,none
1774737345.446,566187,calm,general,manual_review_required,0.2,5102628.789543152,8174018.928183508,0.88,0.89,0.11,0.12,0.885,0.11499999999999999,112.99435028248598,869.565217391304,0.8800025240072152,0.11999747599278487,-0.11186604239822066,0.11186604239822066,1.0,0.0,0,none
1774737145.738,566136,stressed,general,manual_review_required,0.2,5448228.523325205,4810463.825276987,0.12,0.13,0.87,0.88,0.125,0.875,800.0000000000007,114.28571428571439,0.12162951709414299,0.8783704829058572,-0.00916451454068236,0.00916451454068236,1.0,0.0,0,none
1774737333.054,566137,stressed,general,manual_review_required,0.2,5448228.267115593,3190224.7267860086,0.07,0.08,0.92,0.93,0.07500000000000001,0.925,1333.3333333333326,108.1081081081082,0.0735033261048058,0.9264966738951943,0.02952402053083844,-0.02952402053083844,1.0,0.0,0,none
1774737427.109,1753632,one_sided,sports,official_sports_feed,0.6,80867.72280883789,250615.3448420005,0.33,0.34,0.66,0.67,0.335,0.665,298.5074626865674,150.3759398496242,0.33994381258471196,0.6600561874152882,0.9717631398468274,-0.9717631398468274,1.0,0.0,0,none
1774737430.692,1476618,calm,sports,official_sports_feed,0.6,4967.4669325351715,518002.73156399943,0.45,0.46,0.54,0.55,0.455,0.545,219.78021978021997,183.48623853211024,0.4591782515163774,0.5408217484836225,0.5362329265519326,-0.5362329265519326,1.0,0.0,0,none
1774737430.383,1753593,stressed,sports,official_sports_feed,0.6,62567.21497440338,449809.63127700007,0.24,0.25,0.75,0.76,0.245,0.755,408.1632653061228,132.45033112582794,0.24947745586332792,0.7505225441366722,0.779869161335115,-0.779869161335115,1.0,0.0,0,none
1774737429.665,1739838,stressed,sports,official_sports_feed,0.6,7906.971596956253,4916928.8187619895,0.28,0.29,0.71,0.72,0.28500000000000003,0.715,350.87719298245446,139.86013986014,0.2894947265739146,0.7105052734260854,-0.6127243434072829,0.6127243434072829,1.0,0.0,0,none
1774737432.445,1507751,stressed,politics,official_election_reporting,0.55,2769766.710442543,12269206.32296916,0.06,0.07,0.93,0.94,0.065,0.935,1538.4615384615397,106.95187165775292,0.0628004239654497,0.9371995760345502,0.5796161037296229,-0.5796161037296229,1.0,0.0,0,none
1774737433.175,566188,stressed,general,manual_review_required,0.2,5102566.46201849,9683392.226694971,0.11,0.12,0.88,0.89,0.11499999999999999,0.885,869.565217391304,112.99435028248598,0.11953538258364385,0.8804646174163562,0.2797793203745684,-0.2797793203745684,1.0,0.0,0,none
1774737433.233,566187,calm,general,manual_review_required,0.2,5102566.204066992,8174018.928183508,0.88,0.89,0.11,0.12,0.885,0.11499999999999999,112.99435028248598,869.565217391304,0.8800025177640797,0.1199974822359203,-0.11212285973192102,0.11212285973192102,1.0,0.0,0,none
1774737392.306,566136,stressed,general,manual_review_required,0.2,5448165.930562735,4810463.825276987,0.12,0.13,0.87,0.88,0.125,0.875,800.0000000000007,114.28571428571439,0.12162951709414299,0.8783704829058572,-0.00916451454068236,0.00916451454068236,1.0,0.0,0,none
1774737393.0,566137,stressed,general,manual_review_required,0.2,5448165.664047003,3190224.7267860086,0.07,0.08,0.92,0.93,0.07500000000000001,0.925,1333.3333333333326,108.1081081081082,0.0735033261048058,0.9264966738951943,0.029611045582644623,-0.029611045582644623,1.0,0.0,0,none
1774737494.399,1753632,one_sided,sports,official_sports_feed,0.6,80805.13771867752,250615.3448420005,0.33,0.34,0.66,0.67,0.335,0.665,298.5074626865674,150.3759398496242,0.3399438373555914,0.6600561626444087,0.9721644505755298,-0.9721644505755298,1.0,0.0,0,none
1774737494.002,1476618,calm,sports,official_sports_feed,0.6,4904.870013713837,518002.73156399943,0.45,0.46,0.54,0.55,0.455,0.545,219.78021978021997,183.48623853211024,0.4591782515163774,0.5408217484836225,0.5307030436127663,-0.5307030436127663,1.0,0.0,0,none
1774737495.298,1753593,stressed,sports,official_sports_feed,0.6,62504.59654545784,449809.63127700007,0.24,0.25,0.75,0.76,0.245,0.755,408.1632653061228,132.45033112582794,0.24947745586638323,0.7505225439638786,0.7798285313682045,-0.7798285978349684,1.0,0.0,0,none
1774737495.331,1739838,stressed,sports,official_sports_feed,0.6,7844.367070436478,4916928.8187619895,0.28,0.29,0.71,0.72,0.28500000000000003,0.715,350.87719298245446,139.86013986014,0.28946014974075207,0.7105398502592478,-0.6187426336599693,0.6187426336599693,1.0,0.0,0,none
1774737495.443,1507751,stressed,politics,official_election_reporting,0.55,2769704.023295164,12269206.32296916,0.06,0.07,0.93,0.94,0.065,0.935,1538.4615384615397,106.95187165775292,0.06280037432411142,0.9371996256758884,0.5796113864017279,-0.5796113864017279,1.0,0.0,0,none
1774737488.844,566188,stressed,general,manual_review_required,0.2,5102503.772989273,9683392.226694971,0.11,0.12,0.88,0.89,0.11499999999999999,0.885,869.565217391304,112.99435028248598,0.11953538258364385,0.8804646174163562,0.2797793203745684,-0.2797793203745684,1.0,0.0,0,none
1774737480.386,566187,calm,general,manual_review_required,0.2,5102503.506754875,8174018.928183508,0.88,0.89,0.11,0.12,0.885,0.11499999999999999,112.99435028248598,869.565217391304,0.8800025240072152,0.11999747599278487,-0.11186604239822066,0.11186604239822066,1.0,0.0,0,none
1774737487.458,566136,stressed,general,manual_review_required,0.2,5448103.240016222,4810463.825276987,0.12,0.13,0.87,0.88,0.125,0.875,800.0000000000007,114.28571428571439,0.12162951709414299,0.8783704829058572,-0.009129835677008851,0.009129835677008851,1.0,0.0,0,none
1774737476.302,566137,stressed,general,manual_review_required,0.2,5448102.984923601,3190224.7267860086,0.07,0.08,0.92,0.93,0.07500000000000001,0.925,1333.3333333333326,108.1081081081082,0.0735033261048058,0.9264966738951943,0.02952402053083844,-0.02952402053083844,1.0,0.0,0,none
1774737555.438,1753632,one_sided,sports,official_sports_feed,0.6,80742.28299975395,250615.3448420005,0.33,0.34,0.66,0.67,0.335,0.665,298.5074626865674,150.3759398496242,0.3399435348000623,0.6600564651999377,0.9716237526968173,-0.9716237526968173,1.0,0.0,0,none
1774737554.399,1476618,calm,sports,official_sports_feed,0.6,4842.030233860016,518770.79610799946,0.45,0.46,0.54,0.55,0.455,0.545,219.78021978021997,183.48623853211024,0.45915365555285165,0.5408463444471483,0.5197100173757924,-0.5197100173757924,1.0,0.0,0,none
1774737554.561,1753593,stressed,sports,official_sports_feed,0.6,62441.75914669037,449809.63127700007,0.24,0.25,0.75,0.76,0.245,0.755,408.1632653061228,132.45033112582794,0.249474576904892,0.750525423095108,0.7787419445790058,-0.7787419445790058,1.0,0.0,0,none
1774737555.104,1739838,stressed,sports,official_sports_feed,0.6,7781.490987062454,4917082.387449988,0.28,0.29,0.71,0.72,0.28500000000000003,0.715,350.87719298245446,139.86013986014,0.28946054052746295,0.7105394594725369,-0.6192011122204667,0.6192011122204667,1.0,0.0,0,none
1774737558.683,1507751,stressed,politics,official_election_reporting,0.55,2769641.2609381676,12270106.82296916,0.06,0.07,0.93,0.94,0.065,0.935,1538.4615384615397,106.95187165775292,0.06279954203411761,0.9372004579658822,0.5795275818023823,-0.5795315994353728,1.0,0.0,0,none
1774737558.183,566188,stressed,general,manual_review_required,0.2,5102441.023226261,9683414.576694973,0.11,0.12,0.88,0.89,0.11499999999999999,0.885,869.565217391304,112.99435028248598,0.11953538258364385,0.8804646174163562,0.2800563571891153,-0.2800563571891153,1.0,0.0,0,none
1774737530.076,566187,calm,general,manual_review_required,0.2,5102440.746014118,8174018.928183508,0.88,0.89,0.11,0.12,0.885,0.11499999999999999,112.99435028248598,869.565217391304,0.8800025240072152,0.11999747599278487,-0.11186604239822066,0.11186604239822066,1.0,0.0,0,none
1774737517.511,566136,stressed,general,manual_review_required,0.2,5448040.482640743,4810463.825276987,0.12,0.13,0.87,0.88,0.125,0.875,800.0000000000007,114.28571428571439,0.12162951709414299,0.8783704829058572,-0.009129835677008851,0.009129835677008851,1.0,0.0,0,none
1774737520.0,566137,stressed,general,manual_review_required,0.2,5448040.227846861,3190224.7267860086,0.07,0.08,0.92,0.93,0.07500000000000001,0.925,1333.3333333333326,108.1081081081082,0.0735033261048058,0.9264966738951943,0.029611045582644623,-0.029611045582644623,1.0,0.0,0,none
1774737619.507,1753632,one_sided,sports,official_sports_feed,0.6,80679.67393517494,250615.3448420005,0.33,0.34,0.66,0.67,0.335,0.665,298.5074626865674,150.3759398496242,0.33994263756143744,0.6600573624385625,0.9711805829471348,-0.9711805829471348,1.0,0.0,0,none
1774737614.345,1476618,calm,sports,official_sports_feed,0.6,4779.438705444336,518770.79610799946,0.45,0.46,0.54,0.55,0.455,0.545,219.78021978021997,183.48623853211024,0.4591499098600246,0.5408500901399755,0.5187477709894043,-0.5187477709894043,1.0,0.0,0,none
1774737619.481,1753593,stressed,sports,official_sports_feed,0.6,62379.196700811386,449809.63127700007,0.24,0.25,0.75,0.76,0.245,0.755,408.1632653061228,132.45033112582794,0.24947163372710976,0.7505283662728902,0.7775912503373122,-0.7775912503373122,1.0,0.0,0,none
1774737620.258,1739838,stressed,sports,official_sports_feed,0.6,7718.920383691788,4917082.387449988,0.28,0.29,0.71,0.72,0.28500000000000003,0.715,350.87719298245446,139.86013986014,0.2894605939520621,0.7105394060479379,-0.6170105796632664,0.6170105796632664,1.0,0.0,0,none
1774737620.718,1507751,stressed,politics,official_election_reporting,0.55,2769578.6393704414,12270106.82296916,0.06,0.07,0.93,0.94,0.065,0.935,1538.4615384615397,106.95187165775292,0.06280000497346919,0.9371999950265307,0.5808924789214797,-0.5808924789214797,1.0,0.0,0,none
1774737614.894,566188,stressed,general,manual_review_required,0.2,5102378.3789765835,9683414.576694973,0.11,0.12,0.88,0.89,0.11499999999999999,0.885,869.565217391304,112.99435028248598,0.11953538258364385,0.8804646174163562,0.2800563571891153,-0.2800563571891153,1.0,0.0,0,none
1774737590.449,566187,calm,general,manual_review_required,0.2,5102378.123424053,8174018.928183508,0.88,0.89,0.11,0.12,0.885,0.11499999999999999,112.99435028248598,869.565217391304,0.8800025240072152,0.11999747599278487,-0.11186604239822066,0.11186604239822066,1.0,0.0,0,none
1774737619.067,566136,stressed,general,manual_review_required,0.2,5447977.870441437,4810463.825276987,0.12,0.13,0.87,0.88,0.125,0.875,800.0000000000007,114.28571428571439,0.12162937965288578,0.8783706203471142,-0.009136257508981204,0.009136257508981204,1.0,0.0,0,none
1774737585.706,566137,stressed,general,manual_review_required,0.2,5447977.636660337,3190224.7267860086,0.07,0.08,0.92,0.93,0.07500000000000001,0.925,1333.3333333333326,108.1081081081082,0.0735033261048058,0.9264966738951943,0.02952402053083844,-0.02952402053083844,1.0,0.0,0,none
1774737679.34,1753632,one_sided,sports,official_sports_feed,0.6,80617.06059217453,250615.3448420005,0.33,0.34,0.66,0.67,0.335,0.665,298.5074626865674,150.3759398496242,0.33994326691451915,0.6600567330854809,0.9714938025455907,-0.9714938025455907,1.0,0.0,0,none
1774737677.976,1476618,calm,sports,official_sports_feed,0.6,4716.778410434723,518770.79610799946,0.45,0.46,0.54,0.55,0.455,0.545,219.78021978021997,183.48623853211024,0.45914977764800546,0.5408502223519948,0.5134010459208369,-0.5134010459208369,1.0,0.0,0,none
1774737682.205,1753593,stressed,sports,official_sports_feed,0.6,62316.5334148407,449809.63127700007,0.24,0.25,0.75,0.76,0.245,0.755,408.1632653061228,132.45033112582794,0.249471700370618,0.750528299629382,0.7776198656512912,-0.7776198656512912,1.0,0.0,0,none
1774737681.896,1739838,stressed,sports,official_sports_feed,0.6,7656.287633895874,4917082.387449988,0.28,0.29,0.71,0.72,0.28500000000000003,0.715,350.87719298245446,139.86013986014,0.28946052254558324,0.7105394774544167,-0.617140614193594,0.617140614193594,1.0,0.0,0,none
1774737683.895,1507751,stressed,politics,official_election_reporting,0.55,2769516.047858,12270106.82296916,0.06,0.07,0.93,0.94,0.065,0.935,1538.4615384615397,106.95187165775292,0.06280082080503571,0.9371991791949643,0.5809018339363327,-0.5809018339363327,1.0,0.0,0,none
1774737677.849,566188,stressed,general,manual_review_required,0.2,5102315.805804968,9683414.576694973,0.11,0.12,0.88,0.89,0.11499999999999999,0.885,869.565217391304,112.99435028248598,0.1195354107114218,0.8804645892885783,0.2723177065268589,-0.2723177065268589,1.0,0.0,0,none
1774737673.529,566187,calm,general,manual_review_required,0.2,5102315.523460865,8174018.928183508,0.88,0.89,0.11,0.12,0.885,0.11499999999999999,112.99435028248598,869.565217391304,0.8800025240072152,0.11999747599278487,-0.11184367476228581,0.11184367476228581,1.0,0.0,0,none
1774737682.284,566136,stressed,general,manual_review_required,0.2,5447915.266527176,4810463.825276987,0.12,0.13,0.87,0.88,0.125,0.875,800.0000000000007,114.28571428571439,0.121629242207115,0.8783707577928851,-0.009142679422687715,0.009142679422687715,1.0,0.0,0,none
1774737646.001,566137,stressed,general,manual_review_required,0.2,5447915.028746605,3190224.7267860086,0.07,0.08,0.92,0.93,0.07500000000000001,0.925,1333.3333333333326,108.1081081081082,0.0735033261048058,0.9264966738951943,0.029611045582644623,-0.029611045582644623,1.0,0.0,0,none
1774737745.487,1753632,one_sided,sports,official_sports_feed,0.6,80554.35404396057,250615.3448420005,0.33,0.34,0.66,0.67,0.335,0.665,298.5074626865674,150.3759398496242,0.3399432768154092,0.660056723184591,0.971485857415475,-0.971485857415475,1.0,0.0,0,none
1774737745.627,1476618,calm,sports,official_sports_feed,0.6,4654.111032247543,518770.79610799946,0.45,0.46,0.54,0.55,0.455,0.545,219.78021978021997,183.48623853211024,0.4591496170986964,0.5408503829013037,0.5187106925194475,-0.5187106925194475,1.0,0.0,0,none
1774737745.77,1753593,stressed,sports,official_sports_feed,0.6,62253.86031079292,449809.63127700007,0.24,0.25,0.75,0.76,0.245,0.755,408.1632653061228,132.45033112582794,0.24947166523681097,0.750528334763189,0.7776055988084128,-0.7776055988084128,1.0,0.0,0,none
1774737746.023,1739838,stressed,sports,official_sports_feed,0.6,7593.607741117477,4917082.387449988,0.28,0.29,0.71,0.72,0.28500000000000003,0.715,350.87719298245446,139.86013986014,0.2890636684173663,0.7109363315826336,-0.6207112373374907,0.6207112373374907,1.0,0.0,0,none
1774737746.164,1507751,stressed,politics,official_election_reporting,0.55,2769453.3515086174,12270106.82296916,0.06,0.07,0.93,0.94,0.065,0.935,1538.4615384615397,106.95187165775292,0.0628005823906266,0.9371994176093734,0.5808883349662863,-0.5808883349662863,1.0,0.0,0,none
1774737743.306,566188,stressed,general,manual_review_required,0.2,5102253.064429522,9683414.576694973,0.11,0.12,0.88,0.89,0.11499999999999999,0.885,869.565217391304,112.99435028248598,0.1195354107114218,0.8804645892885783,0.272261352484887,-0.272261352484887,1.0,0.0,0,none
1774737744.152,566187,calm,general,manual_review_required,0.2,5102252.80075407,8174018.928183508,0.88,0.89,0.11,0.12,0.885,0.11499999999999999,112.99435028248598,869.565217391304,0.8800025240072152,0.11999747599278487,-0.11186604239822066,0.11186604239822066,1.0,0.0,0,none
1774737743.644,566136,stressed,general,manual_review_required,0.2,5447852.556658268,4810463.825276987,0.12,0.13,0.87,0.88,0.125,0.875,800.0000000000007,114.28571428571439,0.121629242207115,0.8783707577928851,-0.009142679422687715,0.009142679422687715,1.0,0.0,0,none
1774737745.63,566137,stressed,general,manual_review_required,0.2,5447852.288992882,3190224.7267860086,0.07,0.08,0.92,0.93,0.07500000000000001,0.925,1333.3333333333326,108.1081081081082,0.0735033261048058,0.9264966738951943,0.029552091520798338,-0.029552091520798338,1.0,0.0,0,none
1774737801.775,1753632,one_sided,sports,official_sports_feed,0.6,80491.7332880497,250615.3448420005,0.33,0.34,0.66,0.67,0.335,0.665,298.5074626865674,150.3759398496242,0.33994327248562745,0.6600567275143726,0.9714920938282673,-0.9714920938282673,1.0,0.0,0,none
1774737805.959,1476618,calm,sports,official_sports_feed,0.6,4591.476140975952,518770.79610799946,0.45,0.46,0.54,0.55,0.455,0.545,219.78021978021997,183.48623853211024,0.4591499156858269,0.5408500843141731,0.5133823163830984,-0.5133823163830984,1.0,0.0,0,none
1774737808.692,1753593,stressed,sports,official_sports_feed,0.6,62191.19994044304,449809.63127700007,0.24,0.25,0.75,0.76,0.245,0.755,408.1632653061228,132.45033112582794,0.2494716976084576,0.7505283023915424,0.7776181390847424,-0.7776174610180857,1.0,0.0,0,none
1774737808.962,1739838,stressed,sports,official_sports_feed,0.6,7530.92400431633,4917082.387449988,0.28,0.29,0.71,0.72,0.28500000000000003,0.715,350.87719298245446,139.86013986014,0.28906367229614194,0.710936327703858,-0.6125214346141262,0.6129802636484263,1.0,0.0,0,none
1774737809.154,1507751,stressed,politics,official_election_reporting,0.55,2769390.656373501,12270106.82296916,0.06,0.07,0.93,0.94,0.065,0.935,1538.4615384615397,106.95187165775292,0.06280064199042355,0.9371993580095763,0.5808921650521188,-0.5808921650521188,1.0,0.0,0,none
1774737803.639,566188,stressed,general,manual_review_required,0.2,5102190.37592268,9683414.576694973,0.11,0.12,0.88,0.89,0.11499999999999999,0.885,869.565217391304,112.99435028248598,0.1195354107114218,0.8804645892885783,0.27216090993360315,-0.27216090993360315,1.0,0.0,0,none
1774737764.287,566187,calm,general,manual_review_required,0.2,5102190.126028299,8174018.928183508,0.88,0.89,0.11,0.12,0.885,0.11499999999999999,112.99435028248598,869.565217391304,0.8800025240072152,0.11999747599278487,-0.11186604239822066,0.11186604239822066,1.0,0.0,0,none
1774737743.644,566136,stressed,general,manual_review_required,0.2,5447789.861097097,4810463.825276987,0.12,0.13,0.87,0.88,0.125,0.875,800.0000000000007,114.28571428571439,0.121629242207115,0.8783707577928851,-0.009142679422687715,0.009142679422687715,1.0,0.0,0,none
1774737772.0,566137,stressed,general,manual_review_required,0.2,5447789.617952108,3190224.7267860086,0.07,0.08,0.92,0.93,0.07500000000000001,0.925,1333.3333333333326,108.1081081081082,0.0735033261048058,0.9264966738951943,0.029611045582644623,-0.029611045582644623,1.0,0.0,0,none
1774737865.785,1753632,one_sided,sports,official_sports_feed,0.6,80429.06505227089,250615.3448420005,0.33,0.34,0.66,0.67,0.335,0.665,298.5074626865674,150.3759398496242,0.33994327248562745,0.6600567275143726,0.9714921062904898,-0.9714921062904898,1.0,0.0,0,none
1774737870.649,1476618,calm,sports,official_sports_feed,0.6,4528.819213628769,518770.79610799946,0.45,0.46,0.54,0.55,0.455,0.545,219.78021978021997,183.48623853211024,0.4591588797970852,0.5408411202029149,0.5135081674301646,-0.5135081674301646,1.0,0.0,0,none
1774737870.701,1753593,stressed,sports,official_sports_feed,0.6,62128.56763100624,449809.63127700007,0.24,0.25,0.75,0.76,0.245,0.755,408.1632653061228,132.45033112582794,0.24950133218388995,0.7504986678161101,0.789885905584427,-0.789885905584427,1.0,0.0,0,none
1774737870.926,1739838,stressed,sports,official_sports_feed,0.6,7468.30327630043,4917082.387449988,0.28,0.29,0.71,0.72,0.28500000000000003,0.715,350.87719298245446,139.86013986014,0.28906695968992724,0.7109330403100727,-0.6119805945674143,0.6119805945674143,1.0,0.0,0,none
1774737871.878,1507751,stressed,politics,official_election_reporting,0.55,2769328.0640034676,12270106.82296916,0.06,0.07,0.93,0.94,0.065,0.935,1538.4615384615397,106.95187165775292,0.06280333909838898,0.937196660901611,0.5794661910720155,-0.5794661910720155,1.0,0.0,0,none
1774737871.041,566188,stressed,general,manual_review_required,0.2,5102127.82343936,9683414.576694973,0.11,0.12,0.88,0.89,0.11499999999999999,0.885,869.565217391304,112.99435028248598,0.11953677730531091,0.8804632226946889,0.27325670750016373,-0.27325670750016373,1.0,0.0,0,none
1774737845.791,566187,calm,general,manual_review_required,0.2,5102127.55777359,8174018.928183508,0.88,0.89,0.11,0.12,0.885,0.11499999999999999,112.99435028248598,869.565217391304,0.8800025801280513,0.11999741987194881,-0.11076040444568416,0.11076040444568416,1.0,0.0,0,none
1774737843.746,566136,stressed,general,manual_review_required,0.2,5447727.270044088,4810463.825276987,0.12,0.13,0.87,0.88,0.125,0.875,800.0000000000007,114.28571428571439,0.121629242207115,0.8783707577928851,-0.007958968752687133,0.007958968752687133,1.0,0.0,0,none
1774737843.722,566137,stressed,general,manual_review_required,0.2,5447727.024551868,3190224.7267860086,0.07,0.08,0.92,0.93,0.07500000000000001,0.925,1333.3333333333326,108.1081081081082,0.0735033261048058,0.9264966738951943,0.0301823371033403,-0.0301823371033403,1.0,0.0,0,none
1774737919.378,1753632,one_sided,sports,official_sports_feed,0.6,80366.48316025734,250651.85054300047,0.33,0.34,0.66,0.67,0.335,0.665,298.5074626865674,150.3759398496242,0.3399432768630496,0.6600567231369505,0.9714929432043244,-0.9714929432043244,1.0,0.0,0,none
1774737920.53,1760296,calm,sports,official_sports_feed,0.6,7406.221757650375,343483.51540399983,0.5,0.51,0.49,0.5,0.505,0.495,198.0198019801982,202.02020202020222,0.502534119085584,0.49746588091441596,0.04988985019203819,-0.04988985019203819,1.0,0.0,0,none
1774737927.468,1476618,calm,sports,official_sports_feed,0.6,4465.963718175888,530871.0682759995,0.45,0.46,0.54,0.55,0.455,0.545,219.78021978021997,183.48623853211024,0.45915791108780996,0.5408420889121901,0.5185551818395334,-0.5185551818395334,1.0,0.0,0,none
1774737932.912,1753593,stressed,sports,official_sports_feed,0.6,62065.68925237656,449809.63127700007,0.24,0.25,0.75,0.76,0.245,0.755,408.1632653061228,132.45033112582794,0.24947456821839553,0.7505254317816045,0.7788733389742852,-0.7788733389742852,1.0,0.0,0,none
1774737932.401,1739838,stressed,sports,official_sports_feed,0.6,7405.438970088959,4917159.966304988,0.28,0.29,0.71,0.72,0.28500000000000003,0.715,350.87719298245446,139.86013986014,0.2890659464064636,0.7109340535935365,-0.621546592780579,0.621546592780579,1.0,0.0,0,none
1774737934.712,1507751,stressed,politics,official_election_reporting,0.55,2769265.15421772,12270106.82296916,0.06,0.07,0.93,0.94,0.065,0.935,1538.4615384615397,106.95187165775292,0.06268441876077933,0.9373155812392207,0.5809863429894011,-0.5809738148363355,1.0,0.0,0,none
1774737930.02,566188,stressed,general,manual_review_required,0.2,5102064.90154624,9683414.576694973,0.11,0.12,0.88,0.89,0.11499999999999999,0.885,869.565217391304,112.99435028248598,0.11953690218388772,0.8804630978161121,0.2732704453031363,-0.2732704453031363,1.0,0.0,0,none
1774737895.254,566187,calm,general,manual_review_required,0.2,5102064.636626244,8174018.928183508,0.88,0.89,0.11,0.12,0.885,0.11499999999999999,112.99435028248598,869.565217391304,0.8800025801280513,0.11999741987194881,-0.11076040444568416,0.11076040444568416,1.0,0.0,0,none
1774737843.746,566136,stressed,general,manual_review_required,0.2,5447664.347624302,4810463.825276987,0.12,0.13,0.87,0.88,0.125,0.875,800.0000000000007,114.28571428571439,0.121629242207115,0.8783707577928851,-0.007958968752687133,0.007958968752687133,1.0,0.0,0,none
1774737935.005,566137,stressed,general,manual_review_required,0.2,5447664.100541353,3190224.7267860086,0.07,0.08,0.92,0.93,0.07500000000000001,0.925,1333.3333333333326,108.1081081081082,0.0735033261048058,0.9264966738951943,0.030269473489654145,-0.030269473489654145,1.0,0.0,0,none
1774737992.72,1753632,one_sided,sports,official_sports_feed,0.6,80303.55765676498,250651.85054300047,0.33,0.34,0.66,0.67,0.335,0.665,298.5074626865674,150.3759398496242,0.3399438526988539,0.6600561473011463,0.9717784465439464,-0.9717784465439464,1.0,0.0,0,none
1774737986.197,1760296,calm,sports,official_sports_feed,0.6,7343.296865940094,343483.51540399983,0.5,0.51,0.49,0.5,0.505,0.495,198.0198019801982,202.02020202020222,0.5025345055713254,0.49746549442867466,0.04990859888384809,-0.04990859888384809,1.0,0.0,0,none
1774737992.866,1476618,calm,sports,official_sports_feed,0.6,4403.063710451126,530871.0682759995,0.45,0.46,0.54,0.55,0.455,0.545,219.78021978021997,183.48623853211024,0.45847845638518403,0.5415215436148161,0.5550039050094802,-0.5550039050094802,1.0,0.0,0,none
1774737995.871,1753593,stressed,sports,official_sports_feed,0.6,62002.82272863388,449809.63127700007,0.24,0.25,0.75,0.76,0.245,0.755,408.1632653061228,132.45033112582794,0.24947511791390167,0.7505248820860984,0.7797696218648985,-0.7797696218648985,1.0,0.0,0,none
1774737997.232,1739838,stressed,sports,official_sports_feed,0.6,7342.568946838379,4917159.966304988,0.28,0.29,0.71,0.72,0.28500000000000003,0.715,350.87719298245446,139.86013986014,0.28940671895900544,0.7105932810409946,-0.4661118531478879,0.4661118531478879,1.0,0.0,0,none
1774737997.526,1507751,stressed,politics,official_election_reporting,0.55,2769202.300258398,12270106.82296916,0.06,0.07,0.93,0.94,0.065,0.935,1538.4615384615397,106.95187165775292,0.06268332374146449,0.9373166762585354,0.5811903732015106,-0.5811903732015106,1.0,0.0,0,none
1774737992.44,566188,stressed,general,manual_review_required,0.2,5102002.068653107,9683414.576694973,0.11,0.12,0.88,0.89,0.11499999999999999,0.885,869.565217391304,112.99435028248598,0.11953690218388772,0.8804630978161121,0.28106418345549056,-0.28106418345549056,1.0,0.0,0,none
1774737985.259,566187,calm,general,manual_review_required,0.2,5102001.78204298,8174018.928183508,0.88,0.89,0.11,0.12,0.885,0.11499999999999999,112.99435028248598,869.565217391304,0.8800025801280513,0.11999741987194881,-0.11088918104227374,0.11088918104227374,1.0,0.0,0,none
1774737843.746,566136,stressed,general,manual_review_required,0.2,5447601.527101994,4810463.825276987,0.12,0.13,0.87,0.88,0.125,0.875,800.0000000000007,114.28571428571439,0.121629242207115,0.8783707577928851,-0.007958968752687133,0.007958968752687133,1.0,0.0,0,none
1774737964.775,566137,stressed,general,manual_review_required,0.2,5447601.269097567,3190224.7267860086,0.07,0.08,0.92,0.93,0.07500000000000001,0.925,1333.3333333333326,108.1081081081082,0.0735033261048058,0.9264966738951943,0.0301823371033403,-0.0301823371033403,1.0,0.0,0,none
1774738059.288,1753632,one_sided,sports,official_sports_feed,0.6,80240.66383719444,250651.85054300047,0.33,0.34,0.66,0.67,0.335,0.665,298.5074626865674,150.3759398496242,0.33994556543536864,0.6600544206105213,0.9726228331976198,-0.9726297276097257,1.0,0.0,0,none
1774738033.626,1760296,calm,sports,official_sports_feed,0.6,7280.389837741852,343483.51540399983,0.5,0.51,0.49,0.5,0.505,0.495,198.0198019801982,202.02020202020222,0.5025345055713254,0.49746549442867466,0.04990391178026557,-0.04990391178026557,1.0,0.0,0,none
1774738059.248,1476618,calm,sports,official_sports_feed,0.6,4340.144703626633,530871.0682759995,0.45,0.46,0.54,0.55,0.455,0.545,219.78021978021997,183.48623853211024,0.45848146639370935,0.5415185336062908,0.5598911684298331,-0.5598911684298331,1.0,0.0,0,none
1774738059.628,1753593,stressed,sports,official_sports_feed,0.6,61939.865917921066,449809.63127700007,0.24,0.25,0.75,0.76,0.245,0.755,408.1632653061228,132.45033112582794,0.2494697793251366,0.7505302206748634,0.7776889286108517,-0.7776889286108517,1.0,0.0,0,none
1774738059.449,1739838,stressed,sports,official_sports_feed,0.6,7279.619290351868,4917159.966304988,0.28,0.29,0.71,0.72,0.28500000000000003,0.715,350.87719298245446,139.86013986014,0.28939713443705084,0.7106028655629492,-0.4470776190916106,0.4470776190916106,1.0,0.0,0,none
1774738060.585,1507751,stressed,politics,official_election_reporting,0.55,2769139.359994173,12270106.82296916,0.06,0.07,0.93,0.94,0.065,0.935,1538.4615384615397,106.95187165775292,0.06268183778907241,0.9373181622109276,0.5812383697354976,-0.5812383697354976,1.0,0.0,0,none
1774738055.442,566188,stressed,general,manual_review_required,0.2,5101939.1041276455,9683414.576694973,0.11,0.12,0.88,0.89,0.11499999999999999,0.885,869.565217391304,112.99435028248598,0.11953690218388772,0.8804630978161121,0.28106418345549056,-0.28106418345549056,1.0,0.0,0,none
1774738029.024,566187,calm,general,manual_review_required,0.2,5101938.8589782715,8174018.928183508,0.88,0.89,0.11,0.12,0.885,0.11499999999999999,112.99435028248598,869.565217391304,0.8800025801280513,0.11999741987194881,-0.11076040444568416,0.11076040444568416,1.0,0.0,0,none
1774738004.357,566136,stressed,general,manual_review_required,0.2,5447538.609998941,4810463.825276987,0.12,0.13,0.87,0.88,0.125,0.875,800.0000000000007,114.28571428571439,0.121629242207115,0.8783707577928851,-0.007958968752687133,0.007958968752687133,1.0,0.0,0,none
1774738055.86,566137,stressed,general,manual_review_required,0.2,5447538.337824345,3190224.7267860086,0.07,0.08,0.92,0.93,0.07500000000000001,0.925,1333.3333333333326,108.1081081081082,0.0735033261048058,0.9264966738951943,0.030269473489654145,-0.030269473489654145,1.0,0.0,0,none
1774738119.988,1753632,one_sided,sports,official_sports_feed,0.6,80177.59821653366,250651.85054300047,0.33,0.34,0.66,0.67,0.335,0.665,298.5074626865674,150.3759398496242,0.33994243047399736,0.6600575695260028,0.9710754964676992,-0.9710754964676992,1.0,0.0,0,none
1774738115.727,1760296,calm,sports,official_sports_feed,0.6,7217.362198591232,344586.6526569998,0.5,0.51,0.49,0.5,0.505,0.495,198.0198019801982,202.02020202020222,0.5032826626551669,0.49671733734483314,0.04901775341058384,-0.04901775341058384,1.0,0.0,0,none
1774738114.233,1476618,calm,sports,official_sports_feed,0.6,4277.124969959259,531284.1591809994,0.45,0.46,0.54,0.55,0.455,0.545,219.78021978021997,183.48623853211024,0.4584815284706564,0.5415184715293435,0.5599883267465302,-0.5599883267465302,1.0,0.0,0,none
1774738122.981,1753593,stressed,sports,official_sports_feed,0.6,61876.87116956711,449809.63127700007,0.24,0.25,0.75,0.76,0.245,0.755,408.1632653061228,132.45033112582794,0.24946784478334785,0.7505321552166522,0.7769358809685432,-0.7769358809685432,1.0,0.0,0,none
1774738122.523,1739838,stressed,sports,official_sports_feed,0.6,7216.630594968796,4918172.973960987,0.28,0.29,0.71,0.72,0.28500000000000003,0.715,350.87719298245446,139.86013986014,0.289364391616883,0.710635608383117,-0.3830249940746286,0.3830249940746286,1.0,0.0,0,none
1774738123.306,1507751,stressed,politics,official_election_reporting,0.55,2769076.349695444,12270106.82296916,0.06,0.07,0.93,0.94,0.065,0.935,1538.4615384615397,106.95187165775292,0.06268201075449144,0.9373179892455086,0.5812451077391049,-0.5812451077391049,1.0,0.0,0,none
1774738119.086,566188,stressed,general,manual_review_required,0.2,5101876.093719244,9683414.576694973,0.11,0.12,0.88,0.89,0.11499999999999999,0.885,869.565217391304,112.99435028248598,0.11953690218388772,0.8804630978161121,0.28105652626846667,-0.28105652626846667,1.0,0.0,0,none
1774738119.263,566187,calm,general,manual_review_required,0.2,5101875.846581221,8174018.928183508,0.88,0.89,0.11,0.12,0.885,0.11499999999999999,112.99435028248598,869.565217391304,0.8800025801280513,0.11999741987194881,-0.11073789356750954,0.11073789356750954,1.0,0.0,0,none
1774738004.357,566136,stressed,general,manual_review_required,0.2,5447475.589303732,4810463.825276987,0.12,0.13,0.87,0.88,0.125,0.875,800.0000000000007,114.28571428571439,0.121629242207115,0.8783707577928851,-0.007958968752687133,0.007958968752687133,1.0,0.0,0,none
1774738091.158,566137,stressed,general,manual_review_required,0.2,5447475.327191114,3190224.7267860086,0.07,0.08,0.92,0.93,0.07500000000000001,0.925,1333.3333333333326,108.1081081081082,0.0735033261048058,0.9264966738951943,0.0301823371033403,-0.0301823371033403,1.0,0.0,0,none
1774738183.174,1753632,one_sided,sports,official_sports_feed,0.6,80114.69159817696,250651.85054300047,0.33,0.34,0.66,0.67,0.335,0.665,298.5074626865674,150.3759398496242,0.3399391445808355,0.6600608554191645,0.9705241639042148,-0.9705241639042148,1.0,0.0,0,none
1774738174.858,1760296,calm,sports,official_sports_feed,0.6,7154.429202079773,344586.6526569998,0.5,0.51,0.49,0.5,0.505,0.495,198.0198019801982,202.02020202020222,0.5032826626551669,0.49671733734483314,0.04837117308383219,-0.04837117308383219,1.0,0.0,0,none
1774738173.151,1476618,calm,sports,official_sports_feed,0.6,4214.163438796997,531284.1591809994,0.45,0.46,0.54,0.55,0.455,0.545,219.78021978021997,183.48623853211024,0.4584810349178639,0.5415189650821362,0.5599360906046813,-0.5599360906046813,1.0,0.0,0,none
1774738182.184,1753593,stressed,sports,official_sports_feed,0.6,61813.85205125809,449809.63127700007,0.24,0.25,0.75,0.76,0.245,0.755,408.1632653061228,132.45033112582794,0.24948438645700968,0.7505156135429903,0.7833869934610902,-0.7833869934610902,1.0,0.0,0,none
1774738183.403,1739838,stressed,sports,official_sports_feed,0.6,7153.57967209816,4918172.973960987,0.28,0.29,0.71,0.72,0.28500000000000003,0.715,350.87719298245446,139.86013986014,0.28926553686599676,0.7107344631340031,-0.3849762401273054,0.3849762401273054,1.0,0.0,0,none
1774738186.638,1507751,stressed,politics,official_election_reporting,0.55,2769013.3109817505,12270106.82296916,0.06,0.07,0.93,0.94,0.065,0.935,1538.4615384615397,106.95187165775292,0.06267908060484166,0.9373209193951584,0.5781730908849657,-0.5781770998712852,1.0,0.0,0,none
1774738182.073,566188,stressed,general,manual_review_required,0.2,5101813.04662776,9683414.576694973,0.11,0.12,0.88,0.89,0.11499999999999999,0.885,869.565217391304,112.99435028248598,0.11953690218388772,0.8804630978161121,0.28102534889443204,-0.28102534889443204,1.0,0.0,0,none
1774738182.097,566187,calm,general,manual_review_required,0.2,5101812.699863911,8174018.928183508,0.88,0.89,0.11,0.12,0.885,0.11499999999999999,112.99435028248598,869.565217391304,0.8800025801280513,0.11999741987194881,-0.11073789356750954,0.11073789356750954,1.0,0.0,0,none
1774738148.788,566136,stressed,general,manual_review_required,0.2,5447412.421098709,4810463.825276987,0.12,0.13,0.87,0.88,0.125,0.875,800.0000000000007,114.28571428571439,0.121629242207115,0.8783707577928851,-0.007952648046977626,0.007952648046977626,1.0,0.0,0,none
1774738151.001,566137,stressed,general,manual_review_required,0.2,5447412.164021969,3190224.7267860086,0.07,0.08,0.92,0.93,0.07500000000000001,0.925,1333.3333333333326,108.1081081081082,0.0735033261048058,0.9264966738951943,0.030269473489654145,-0.030269473489654145,1.0,0.0,0,none
1774738248.0,1753632,one_sided,sports,official_sports_feed,0.6,80051.5680334568,250651.85054300047,0.33,0.34,0.66,0.67,0.335,0.665,298.5074626865674,150.3759398496242,0.3399392810031156,0.6600607189968843,0.9705675574735242,-0.9705675574735242,1.0,0.0,0,none
1774738248.614,1760296,calm,sports,official_sports_feed,0.6,7091.229259967804,344586.6526569998,0.5,0.51,0.49,0.5,0.505,0.495,198.0198019801982,202.02020202020222,0.5032829775854648,0.4967264247856332,0.05099278961017212,-0.05042600868048158,1.0,0.0,0,none
1774738247.219,1476618,calm,sports,official_sports_feed,0.6,4150.971532821655,531284.1591809994,0.45,0.46,0.54,0.55,0.455,0.545,219.78021978021997,183.48623853211024,0.45916157535902885,0.5408384246409711,0.5100334943691996,-0.5100334943691996,1.0,0.0,0,none
1774738249.034,1753593,stressed,sports,official_sports_feed,0.6,61750.72315597534,449809.63127700007,0.24,0.25,0.75,0.76,0.245,0.755,408.1632653061228,132.45033112582794,0.2494703647775866,0.7505296352224134,0.7771378759979259,-0.7771378759979259,1.0,0.0,0,none
1774738249.483,1739838,stressed,sports,official_sports_feed,0.6,7090.471649885178,4918172.973960987,0.28,0.29,0.71,0.72,0.28500000000000003,0.715,350.87719298245446,139.86013986014,0.28926548343714925,0.7107345192094997,-0.45032231003819856,0.45032369642630865,1.0,0.0,0,none
1774738249.531,1507751,stressed,politics,official_election_reporting,0.55,2768950.2255711555,12270106.82296916,0.06,0.07,0.93,0.94,0.065,0.935,1538.4615384615397,106.95187165775292,0.06267941230257293,0.937320587697427,0.5871503334063223,-0.5871503334063223,1.0,0.0,0,none
1774738244.517,566188,stressed,general,manual_review_required,0.2,5101749.958017111,9683414.576694973,0.11,0.12,0.88,0.89,0.11499999999999999,0.885,869.565217391304,112.99435028248598,0.11953690218388772,0.8804630978161121,0.28102534889443204,-0.28102534889443204,1.0,0.0,0,none
1774738248.719,566187,calm,general,manual_review_required,0.2,5101749.654939175,8174018.928183508,0.88,0.89,0.11,0.12,0.885,0.11499999999999999,112.99435028248598,869.565217391304,0.8800025804376498,0.11999741956235031,-0.11073179830202783,0.11073179830202783,1.0,0.0,0,none
1774738247.174,566136,stressed,general,manual_review_required,0.2,5447349.343792915,4810463.825276987,0.12,0.13,0.87,0.88,0.125,0.875,800.0000000000007,114.28571428571439,0.121629242207115,0.8783707577928851,-0.007952648046977626,0.007952648046977626,1.0,0.0,0,none
1774738238.902,566137,stressed,general,manual_review_required,0.2,5447349.067103863,3190224.7267860086,0.07,0.08,0.92,0.93,0.07500000000000001,0.925,1333.3333333333326,108.1081081081082,0.0735033261048058,0.9264966738951943,0.030355921727156832,-0.030355921727156832,1.0,0.0,0,none
1774738293.944,1753632,one_sided,sports,official_sports_feed,0.6,79988.29238295555,250651.85054300047,0.33,0.34,0.66,0.67,0.335,0.665,298.5074626865674,150.3759398496242,0.3399402193086854,0.6600597806913145,0.9710366249813734,-0.9710366249813734,1.0,0.0,0,none
1774738299.047,1760296,calm,sports,official_sports_feed,0.6,7028.033163309097,344586.6526569998,0.5,0.51,0.49,0.5,0.505,0.495,198.0198019801982,202.02020202020222,0.5026310214800063,0.4973689785199937,0.05066611550722555,-0.05066611550722555,1.0,0.0,0,none
1774738292.602,1476618,calm,sports,official_sports_feed,0.6,4087.7572615146637,531338.5228159993,0.45,0.46,0.54,0.55,0.455,0.545,219.78021978021997,183.48623853211024,0.45916157535902885,0.5408384246409711,0.5154584845338518,-0.5154584845338518,1.0,0.0,0,none
1774738312.113,1766132,calm,sports,official_sports_feed,0.6,2287.494243144989,10682.667831,0.49,0.5,0.5,0.51,0.495,0.505,202.02020202020222,198.0198019801982,0.49291721835335683,0.5070827816466432,-0.5232027241160732,0.5232027241160732,1.0,0.0,0,none
1774738312.353,1753593,stressed,sports,official_sports_feed,0.6,61687.25027012825,449809.63127700007,0.24,0.25,0.75,0.76,0.245,0.755,408.1632653061228,132.45033112582794,0.24947444789259196,0.750525552107408,0.7786920092131122,-0.7786920092131122,1.0,0.0,0,none
1774738311.822,1739838,stressed,sports,official_sports_feed,0.6,7026.981992959976,4918292.211119987,0.28,0.29,0.71,0.72,0.28500000000000003,0.715,350.87719298245446,139.86013986014,0.2892245098609283,0.7107754901390716,-0.46279931733255103,0.46279931733255103,1.0,0.0,0,none
1774738312.766,1507751,stressed,politics,official_election_reporting,0.55,2768886.7363791466,12270106.82296916,0.06,0.07,0.93,0.94,0.065,0.935,1538.4615384615397,106.95187165775292,0.06267923947528216,0.9373207605247179,0.5871400345788255,-0.5871400345788255,1.0,0.0,0,none
1774738309.536,566188,stressed,general,manual_review_required,0.2,5101686.486356497,9683414.576694973,0.11,0.12,0.88,0.89,0.11499999999999999,0.885,869.565217391304,112.99435028248598,0.11953690218388772,0.8804630978161121,0.28101121243679617,-0.28101121243679617,1.0,0.0,0,none
1774738311.979,566187,calm,general,manual_review_required,0.2,5101686.24536562,8174018.928183508,0.88,0.89,0.11,0.12,0.885,0.11499999999999999,112.99435028248598,869.565217391304,0.8800025804376498,0.11999741956235031,-0.11059622595554669,0.11059622595554669,1.0,0.0,0,none
1774738309.304,566136,stressed,general,manual_review_required,0.2,5447285.95961237,4810463.825276987,0.12,0.13,0.87,0.88,0.125,0.875,800.0000000000007,114.28571428571439,0.121629242207115,0.8783707577928851,-0.007952648046977626,0.007952648046977626,1.0,0.0,0,none
1774738309.304,566137,stressed,general,manual_review_required,0.2,5447285.723705769,3190224.7267860086,0.07,0.08,0.92,0.93,0.07500000000000001,0.925,1333.3333333333326,108.1081081081082,0.0735033261048058,0.9264966738951943,0.030269473489654145,-0.030269473489654145,1.0,0.0,0,none
1774738363.941,1753632,one_sided,sports,official_sports_feed,0.6,79925.08342671394,250651.85054300047,0.33,0.34,0.66,0.67,0.335,0.665,298.5074626865674,150.3759398496242,0.33994140358305186,0.6600585964169481,0.9715987066214435,-0.9715987066214435,1.0,0.0,0,none
1774738367.033,1760296,calm,sports,official_sports_feed,0.6,6964.791677951813,344586.6526569998,0.5,0.51,0.49,0.5,0.505,0.495,198.0198019801982,202.02020202020222,0.5025979671217843,0.49740203287821566,0.042736245531410165,-0.042736245531410165,1.0,0.0,0,none
1774738371.001,1476618,calm,sports,official_sports_feed,0.6,4024.511906147003,531338.5228159993,0.45,0.46,0.54,0.55,0.455,0.545,219.78021978021997,183.48623853211024,0.4591618947624533,0.5408381052375468,0.5154765179538078,-0.5154765179538078,1.0,0.0,0,none
1774738375.677,1766132,one_sided,sports,official_sports_feed,0.6,2224.2457053661346,10682.667831,0.49,0.5,0.5,0.51,0.495,0.505,202.02020202020222,198.0198019801982,0.4907535353549435,0.5092468171411156,-0.8054300755130875,0.8054722689918761,1.0,0.0,0,none
1774738371.18,1753593,stressed,sports,official_sports_feed,0.6,61623.97802948952,449809.63127700007,0.24,0.25,0.75,0.76,0.245,0.755,408.1632653061228,132.45033112582794,0.24948562855880452,0.7505143714411956,0.7830710729318779,-0.7830710729318779,1.0,0.0,0,none
1774738375.696,1739838,stressed,sports,official_sports_feed,0.6,6963.6878390312195,4918292.211119987,0.28,0.29,0.71,0.72,0.28500000000000003,0.715,350.87719298245446,139.86013986014,0.2892245103506769,0.710775489649323,-0.46325603999920767,0.46325603999920767,1.0,0.0,0,none
1774738376.412,1507751,stressed,politics,official_election_reporting,0.55,2768823.341953516,12270106.82296916,0.06,0.07,0.93,0.94,0.065,0.935,1538.4615384615397,106.95187165775292,0.06267896992941215,0.9373210300705876,0.5871345421120164,-0.5871345421120164,1.0,0.0,0,none
1774738371.187,566188,stressed,general,manual_review_required,0.2,5101623.087580681,9683414.576694973,0.11,0.12,0.88,0.89,0.11499999999999999,0.885,869.565217391304,112.99435028248598,0.1195354107114218,0.8804645892885783,0.2798082528492481,-0.2798082528492481,1.0,0.0,0,none
1774738371.987,566187,calm,general,manual_review_required,0.2,5101622.838372707,8174018.928183508,0.88,0.89,0.11,0.12,0.885,0.11499999999999999,112.99435028248598,869.565217391304,0.8800025243034911,0.11999747569650894,-0.11185996258831336,0.11185996258831336,1.0,0.0,0,none
1774738324.164,566136,stressed,general,manual_review_required,0.2,5447222.568505287,4810463.825276987,0.12,0.13,0.87,0.88,0.125,0.875,800.0000000000007,114.28571428571439,0.121629242207115,0.8783707577928851,-0.009136373791852356,0.009136373791852356,1.0,0.0,0,none
1774738332.198,566137,stressed,general,manual_review_required,0.2,5447222.324187279,3190224.7267860086,0.07,0.08,0.92,0.93,0.07500000000000001,0.925,1333.3333333333326,108.1081081081082,0.0735033261048058,0.9264966738951943,0.02952402053083844,-0.02952402053083844,1.0,0.0,0,none
1774738437.385,1753632,one_sided,sports,official_sports_feed,0.6,79861.71787023544,250651.85054300047,0.33,0.34,0.66,0.67,0.335,0.665,298.5074626865674,150.3759398496242,0.33993966606018067,0.6600603339398193,0.9710157306049115,-0.9710157306049115,1.0,0.0,0,none
1774738430.098,1760296,calm,sports,official_sports_feed,0.6,6901.44745516777,344586.6526569998,0.5,0.51,0.49,0.5,0.505,0.495,198.0198019801982,202.02020202020222,0.5025145880238358,0.49748541197616425,0.03969756307879478,-0.03969756307879478,1.0,0.0,0,none
1774738426.453,1476618,calm,sports,official_sports_feed,0.6,3961.160793066025,531338.5228159993,0.45,0.46,0.54,0.55,0.455,0.545,219.78021978021997,183.48623853211024,0.4591624485022323,0.5408375514977677,0.5157271091910401,-0.5157271091910401,1.0,0.0,0,none
1774738437.859,1766132,one_sided,sports,official_sports_feed,0.6,2160.8828365802765,10682.667831,0.49,0.5,0.5,0.51,0.495,0.505,202.02020202020222,198.0198019801982,0.4906630295341922,0.5093369704658077,-0.8135154874620453,0.8135154874620453,1.0,0.0,0,none
1774738439.304,1753593,stressed,sports,official_sports_feed,0.6,61560.589008808136,449809.63127700007,0.24,0.25,0.75,0.76,0.245,0.755,408.1632653061228,132.45033112582794,0.24948140557807597,0.7505186946112323,0.7816877214742505,-0.7816485044747056,1.0,0.0,0,none
1774738439.528,1739838,stressed,sports,official_sports_feed,0.6,6900.318502902985,4918292.211119987,0.28,0.29,0.71,0.72,0.28500000000000003,0.715,350.87719298245446,139.86013986014,0.2892240380165524,0.7107759590295725,-0.4630980004835206,0.4630965673332193,1.0,0.0,0,none
1774738439.14,1507751,stressed,politics,official_election_reporting,0.55,2768760.0511500835,12270106.82296916,0.06,0.07,0.93,0.94,0.065,0.935,1538.4615384615397,106.95187165775292,0.06268042362115962,0.9373195763788403,0.5855209652213931,-0.5855209652213931,1.0,0.0,0,none
1774738437.787,566188,stressed,general,manual_review_required,0.2,5101559.761538029,9683414.576694973,0.11,0.12,0.88,0.89,0.11499999999999999,0.885,869.565217391304,112.99435028248598,0.1195354107114218,0.8804645892885783,0.27973919120190605,-0.27973919120190605,1.0,0.0,0,none
1774738437.225,566187,calm,general,manual_review_required,0.2,5101559.509133577,8174018.928183508,0.88,0.89,0.11,0.12,0.885,0.11499999999999999,112.99435028248598,869.565217391304,0.8800025243034911,0.11999747569650894,-0.11186603338447959,0.11186603338447959,1.0,0.0,0,none
1774738435.894,566136,stressed,general,manual_review_required,0.2,5447159.2026667595,4810463.825276987,0.12,0.13,0.87,0.88,0.125,0.875,800.0000000000007,114.28571428571439,0.121629242207115,0.8783707577928851,-0.009142679422687715,0.009142679422687715,1.0,0.0,0,none
1774738411.915,566137,stressed,general,manual_review_required,0.2,5447158.869717836,3190224.7267860086,0.07,0.08,0.92,0.93,0.07500000000000001,0.925,1333.3333333333326,108.1081081081082,0.0735033261048058,0.9264966738951943,0.029611045582644623,-0.029611045582644623,1.0,0.0,0,none
1774738501.916,1753632,one_sided,sports,official_sports_feed,0.6,79797.81945085526,250651.85054300047,0.33,0.34,0.66,0.67,0.335,0.665,298.5074626865674,150.3759398496242,0.3399408984121956,0.660060432618329,0.9709825471148381,-0.9707235032971476,1.0,0.0,0,none
1774738502.246,1760296,calm,sports,official_sports_feed,0.6,6837.47531747818,344629.8291259998,0.5,0.51,0.49,0.5,0.505,0.495,198.0198019801982,202.02020202020222,0.5040940020140252,0.49590599798597473,0.23796842258685552,-0.23796842258685552,1.0,0.0,0,none
1774738497.364,1476618,calm,sports,official_sports_feed,0.6,3897.1735093593597,531374.0728159994,0.45,0.46,0.54,0.55,0.455,0.545,219.78021978021997,183.48623853211024,0.4591627166596138,0.5408372833403863,0.5157415558560531,-0.5157415558560531,1.0,0.0,0,none
1774738501.734,1753593,stressed,sports,official_sports_feed,0.6,61496.79739880562,449809.63127700007,0.24,0.25,0.75,0.76,0.245,0.755,408.1632653061228,132.45033112582794,0.2494768238099483,0.7505231761900518,0.7798955004020736,-0.7798955004020736,1.0,0.0,0,none
1774738503.451,1739838,stressed,sports,official_sports_feed,0.6,6836.33256816864,4918442.0121529875,0.28,0.29,0.71,0.72,0.28500000000000003,0.715,350.87719298245446,139.86013986014,0.2892241248887026,0.7107758751112974,-0.4630738362623411,0.46306991793690394,1.0,0.0,0,none
1774738503.679,1507751,stressed,politics,official_election_reporting,0.55,2768695.9390952587,12270106.82296916,0.06,0.07,0.93,0.94,0.065,0.935,1538.4615384615397,106.95187165775292,0.06267996743225109,0.937320032567749,0.5871574484379435,-0.5871574484379435,1.0,0.0,0,none
1774738503.713,566188,stressed,general,manual_review_required,0.2,5101495.560946703,9683414.576694973,0.11,0.12,0.88,0.89,0.11499999999999999,0.885,869.565217391304,112.99435028248598,0.1195354107114218,0.8804645892885783,0.2796929309424497,-0.2796929309424497,1.0,0.0,0,none
1774738473.076,566187,calm,general,manual_review_required,0.2,5101494.851902008,8174032.411326508,0.88,0.89,0.11,0.12,0.885,0.11499999999999999,112.99435028248598,869.565217391304,0.8800025243034911,0.11999747569650894,-0.11186603338447959,0.11186603338447959,1.0,0.0,0,none
1774738435.894,566136,stressed,general,manual_review_required,0.2,5447094.482488155,4810463.825276987,0.12,0.13,0.87,0.88,0.125,0.875,800.0000000000007,114.28571428571439,0.121629242207115,0.8783707577928851,-0.009142679422687715,0.009142679422687715,1.0,0.0,0,none
1774738458.556,566137,stressed,general,manual_review_required,0.2,5447094.129675627,3190224.7267860086,0.07,0.08,0.92,0.93,0.07500000000000001,0.925,1333.3333333333326,108.1081081081082,0.0735033261048058,0.9264966738951943,0.02952402053083844,-0.02952402053083844,1.0,0.0,0,none
1774738562.858,1753632,one_sided,sports,official_sports_feed,0.6,79733.33973526955,250651.85054300047,0.33,0.34,0.66,0.67,0.335,0.665,298.5074626865674,150.3759398496242,0.33993942677131467,0.6600605732286853,0.9706580231592258,-0.9706580231592258,1.0,0.0,0,none
1774738560.938,1760296,calm,sports,official_sports_feed,0.6,6773.080188512802,344629.8291259998,0.5,0.51,0.49,0.5,0.505,0.495,198.0198019801982,202.02020202020222,0.5057219949380481,0.4942780050619518,0.35731068414366984,-0.35731068414366984,1.0,0.0,0,none
1774738551.003,1476618,calm,sports,official_sports_feed,0.6,3832.826685667038,531374.0728159994,0.45,0.46,0.54,0.55,0.455,0.545,219.78021978021997,183.48623853211024,0.4591627166596138,0.5408372833403863,0.5103628525318414,-0.5103628525318414,1.0,0.0,0,none
1774738567.254,1753593,stressed,sports,official_sports_feed,0.6,61432.574531793594,449809.63127700007,0.24,0.25,0.75,0.76,0.245,0.755,408.1632653061228,132.45033112582794,0.249476180516507,0.750523819483493,0.7795109476279974,-0.7795109476279974,1.0,0.0,0,none
1774738567.526,1739838,stressed,sports,official_sports_feed,0.6,6772.330790042877,4918442.0121529875,0.28,0.29,0.71,0.72,0.28500000000000003,0.715,350.87719298245446,139.86013986014,0.2892235813089907,0.710776421651283,-0.4636442189544867,0.463645653212354,1.0,0.0,0,none
1774738567.354,1507751,stressed,politics,official_election_reporting,0.55,2768632.083414316,12270106.82296916,0.06,0.07,0.93,0.94,0.065,0.935,1538.4615384615397,106.95187165775292,0.0626785593572106,0.9373214406427893,0.587140501315925,-0.587140501315925,1.0,0.0,0,none
1774738567.454,566188,stressed,general,manual_review_required,0.2,5101431.831293583,9683414.576694973,0.11,0.12,0.88,0.89,0.11499999999999999,0.885,869.565217391304,112.99435028248598,0.1195354107114218,0.8804645892885783,0.2796929309424497,-0.2796929309424497,1.0,0.0,0,none
1774738545.504,566187,calm,general,manual_review_required,0.2,5101431.576543808,8174032.411326508,0.88,0.89,0.11,0.12,0.885,0.11499999999999999,112.99435028248598,869.565217391304,0.8800025243034911,0.11999747569650894,-0.11191740873702886,0.11191740873702886,1.0,0.0,0,none
1774738435.894,566136,stressed,general,manual_review_required,0.2,5447031.310449839,4810463.825276987,0.12,0.13,0.87,0.88,0.125,0.875,800.0000000000007,114.28571428571439,0.121629242207115,0.8783707577928851,-0.009142679422687715,0.009142679422687715,1.0,0.0,0,none
1774738520.205,566137,stressed,general,manual_review_required,0.2,5447031.066934824,3190224.7267860086,0.07,0.08,0.92,0.93,0.07500000000000001,0.925,1333.3333333333326,108.1081081081082,0.0735033261048058,0.9264966738951943,0.029611045582644623,-0.029611045582644623,1.0,0.0,0,none
1774738625.18,1753632,one_sided,sports,official_sports_feed,0.6,79670.44757294655,250651.85054300047,0.33,0.34,0.66,0.67,0.335,0.665,298.5074626865674,150.3759398496242,0.3398332699852376,0.6601667300147624,0.921739274054658,-0.921739274054658,1.0,0.0,0,none
1774738626.387,1760296,calm,sports,official_sports_feed,0.6,6710.194562673569,344629.8291259998,0.5,0.51,0.49,0.5,0.505,0.495,198.0198019801982,202.02020202020222,0.5086520984493698,0.4913479015506303,0.37437833083339034,-0.37437833083339034,1.0,0.0,0,none
1774738625.053,1476618,calm,sports,official_sports_feed,0.6,3769.927603006363,531374.0728159994,0.45,0.46,0.54,0.55,0.455,0.545,219.78021978021997,183.48623853211024,0.4591646751554601,0.5408353248445399,0.5158485790276812,-0.5158485790276812,1.0,0.0,0,none
1774738629.873,1753593,stressed,sports,official_sports_feed,0.6,61369.646677970886,449809.63127700007,0.24,0.25,0.75,0.76,0.245,0.755,408.1632653061228,132.45033112582794,0.24966270488197445,0.7503372951180256,0.7842316388108092,-0.7842316388108092,1.0,0.0,0,none
1774738630.407,1739838,stressed,sports,official_sports_feed,0.6,6709.387661457062,4918442.0121529875,0.28,0.29,0.71,0.72,0.28500000000000003,0.715,350.87719298245446,139.86013986014,0.28922367668935106,0.710776323310649,-0.4636619236743253,0.4636619236743253,1.0,0.0,0,none
1774738629.95,1507751,stressed,politics,official_election_reporting,0.55,2768569.142549038,12270106.82296916,0.06,0.07,0.93,0.94,0.065,0.935,1538.4615384615397,106.95187165775292,0.0626789825713951,0.9373210174286047,0.5871031492245231,-0.5871031492245231,1.0,0.0,0,none
1774738629.682,566188,stressed,general,manual_review_required,0.2,5101368.879994392,9683414.576694973,0.11,0.12,0.88,0.89,0.11499999999999999,0.885,869.565217391304,112.99435028248598,0.1195354107114218,0.8804645892885783,0.2796929309424497,-0.2796929309424497,1.0,0.0,0,none
1774738620.843,566187,calm,general,manual_review_required,0.2,5101368.605093956,8174032.411326508,0.88,0.89,0.11,0.12,0.885,0.11499999999999999,112.99435028248598,869.565217391304,0.8800025243034911,0.11999747569650894,-0.11186603338447959,0.11186603338447959,1.0,0.0,0,none
1774738435.894,566136,stressed,general,manual_review_required,0.2,5446968.3118207455,4810463.825276987,0.12,0.13,0.87,0.88,0.125,0.875,800.0000000000007,114.28571428571439,0.121629242207115,0.8783707577928851,-0.009142679422687715,0.009142679422687715,1.0,0.0,0,none
1774738584.954,566137,stressed,general,manual_review_required,0.2,5446968.03730011,3190224.7267860086,0.07,0.08,0.92,0.93,0.07500000000000001,0.925,1333.3333333333326,108.1081081081082,0.0735033261048058,0.9264966738951943,0.02952402053083844,-0.02952402053083844,1.0,0.0,0,none
1774738690.312,1753632,one_sided,sports,official_sports_feed,0.6,79607.0812766552,250651.85054300047,0.33,0.34,0.66,0.67,0.335,0.665,298.5074626865674,150.3759398496242,0.33983371647240906,0.6601662835275911,0.9219377254897069,-0.9219377254897069,1.0,0.0,0,none
1774738673.239,1476618,calm,sports,official_sports_feed,0.6,3706.7698423862457,531445.4996869995,0.45,0.46,0.54,0.55,0.455,0.545,219.78021978021997,183.48623853211024,0.45916296281850066,0.5408370371814993,0.5154074032317533,-0.5154074032317533,1.0,0.0,0,none
1774738683.546,1760296,calm,sports,official_sports_feed,0.6,6646.474525690079,344629.8291259998,0.5,0.51,0.49,0.5,0.505,0.495,198.0198019801982,202.02020202020222,0.5027286308484833,0.49727136915151676,0.06854089674160017,-0.06854089674160017,1.0,0.0,0,none
1774738690.376,1739838,stressed,sports,official_sports_feed,0.6,6646.177264213562,4919958.770761987,0.28,0.29,0.71,0.72,0.28500000000000003,0.715,350.87719298245446,139.86013986014,0.28923107574724255,0.7107689242527575,-0.4567193907426016,0.4567193907426016,1.0,0.0,0,none
1774738693.895,1753593,stressed,sports,official_sports_feed,0.6,61305.92799401283,449812.2628520001,0.24,0.25,0.75,0.76,0.245,0.755,408.1632653061228,132.45033112582794,0.24965704152341317,0.7503429584765868,0.7849855618937536,-0.7849855618937536,1.0,0.0,0,none
1774738693.924,1507751,stressed,politics,official_election_reporting,0.55,2768505.659484148,12270106.82296916,0.06,0.07,0.93,0.94,0.065,0.935,1538.4615384615397,106.95187165775292,0.06268135917282858,0.9373186408271713,0.5871519038325497,-0.5871519038325497,1.0,0.0,0,none
1774738693.858,566188,stressed,general,manual_review_required,0.2,5101305.378241539,9683414.576694973,0.11,0.12,0.88,0.89,0.11499999999999999,0.885,869.565217391304,112.99435028248598,0.1195354107114218,0.8804645892885783,0.2796929309424497,-0.2796929309424497,1.0,0.0,0,none
1774738675.784,566187,calm,general,manual_review_required,0.2,5101305.086970806,8174032.411326508,0.88,0.89,0.11,0.12,0.885,0.11499999999999999,112.99435028248598,869.565217391304,0.8800025243034911,0.11999747569650894,-0.11186603338447959,0.11186603338447959,1.0,0.0,0,none
1774738635.894,566136,stressed,general,manual_review_required,0.2,5446904.781077862,4810463.825276987,0.12,0.13,0.87,0.88,0.125,0.875,800.0000000000007,114.28571428571439,0.121629242207115,0.8783707577928851,-0.009142679422687715,0.009142679422687715,1.0,0.0,0,none
1774738677.008,566137,stressed,general,manual_review_required,0.2,5446904.503311157,3190224.7267860086,0.07,0.08,0.92,0.93,0.07500000000000001,0.925,1333.3333333333326,108.1081081081082,0.0735033261048058,0.9264966738951943,0.03125957599239912,-0.03125957599239912,1.0,0.0,0,none
1774738754.16,1753632,one_sided,sports,official_sports_feed,0.6,79543.84659099579,250651.85054300047,0.33,0.34,0.66,0.67,0.335,0.665,298.5074626865674,150.3759398496242,0.3398287313425429,0.6601712686574572,0.9203571091190565,-0.9203571091190565,1.0,0.0,0,none
1774738754.832,1476618,calm,sports,official_sports_feed,0.6,3643.5723028182983,531445.4996869995,0.45,0.46,0.54,0.55,0.455,0.545,219.78021978021997,183.48623853211024,0.45915106479169504,0.540848935208305,0.5988030418234547,-0.5988030418234547,1.0,0.0,0,none
1774738756.61,1760296,calm,sports,official_sports_feed,0.6,6583.295354127884,344629.8291259998,0.5,0.51,0.49,0.5,0.505,0.495,198.0198019801982,202.02020202020222,0.5027286308484833,0.49727140576971535,0.06854089674160017,-0.06853506039137756,1.0,0.0,0,none
1774738756.561,1739838,stressed,sports,official_sports_feed,0.6,6583.043554544449,4919958.770761987,0.28,0.29,0.71,0.72,0.28500000000000003,0.715,350.87719298245446,139.86013986014,0.2892212673960544,0.7107787326039456,-0.46153774289778504,0.46153774289778504,1.0,0.0,0,none
1774738756.558,1753593,stressed,sports,official_sports_feed,0.6,61242.786442518234,449812.2628520001,0.24,0.25,0.75,0.76,0.245,0.755,408.1632653061228,132.45033112582794,0.24965709944992429,0.7503429005500758,0.7849949820773235,-0.7849949820773235,1.0,0.0,0,none
1774738755.556,1507751,stressed,politics,official_election_reporting,0.55,2768442.547477007,12270106.82296916,0.06,0.07,0.93,0.94,0.065,0.935,1538.4615384615397,106.95187165775292,0.06268135917282858,0.9373186408271713,0.5851659564324843,-0.5851659564324843,1.0,0.0,0,none
1774738757.152,566188,stressed,general,manual_review_required,0.2,5101242.298746109,9683414.576694973,0.11,0.12,0.88,0.89,0.11499999999999999,0.885,869.565217391304,112.99435028248598,0.1195354107114218,0.8804645892885783,0.2796929309424497,-0.2796929309424497,1.0,0.0,0,none
1774738715.169,566187,calm,general,manual_review_required,0.2,5101242.024312735,8174032.411326508,0.88,0.89,0.11,0.12,0.885,0.11499999999999999,112.99435028248598,869.565217391304,0.8800025243034911,0.11999747569650894,-0.11188970271417233,0.11188970271417233,1.0,0.0,0,none
1774738752.291,566136,stressed,general,manual_review_required,0.2,5446841.776020765,4810463.825276987,0.12,0.13,0.87,0.88,0.125,0.875,800.0000000000007,114.28571428571439,0.121629242207115,0.8783707577928851,-0.009142679422687715,0.009142679422687715,1.0,0.0,0,none
1774738752.82,566137,stressed,general,manual_review_required,0.2,5446841.481766462,3190224.7267860086,0.07,0.08,0.92,0.93,0.07500000000000001,0.925,1333.3333333333326,108.1081081081082,0.0735033261048058,0.9264966738951943,0.029437711826377198,-0.029437711826377198,1.0,0.0,0,none
1774738820.006,1753632,one_sided,sports,official_sports_feed,0.6,79479.5926887989,250651.85054300047,0.33,0.34,0.66,0.67,0.335,0.665,298.5074626865674,150.3759398496242,0.3398312596103519,0.6601724439653175,0.920513005226042,-0.9198257398287647,1.0,0.0,0,none
1774738821.0,1476618,calm,sports,official_sports_feed,0.6,3578.8541016578674,531445.4996869995,0.45,0.46,0.54,0.55,0.455,0.545,219.78021978021997,183.48623853211024,0.45920457623477584,0.5407948317603772,0.5161027811359155,-0.5161105030103149,1.0,0.0,0,none
1774738820.123,1760296,calm,sports,official_sports_feed,0.6,6518.4189693927765,344629.8291259998,0.5,0.51,0.49,0.5,0.505,0.495,198.0198019801982,202.02020202020222,0.5028617105901352,0.4971382894098648,0.09137358533567738,-0.09137358533567738,1.0,0.0,0,none
1774738815.427,1739838,stressed,sports,official_sports_feed,0.6,6517.943124055862,4919958.770761987,0.28,0.29,0.71,0.72,0.28500000000000003,0.715,350.87719298245446,139.86013986014,0.2892212673960544,0.7107787326039456,-0.3949493267100147,0.3949493267100147,1.0,0.0,0,none
1774738821.357,1753593,stressed,sports,official_sports_feed,0.6,61177.28051972389,449812.2628520001,0.24,0.25,0.75,0.76,0.245,0.755,408.1632653061228,132.45033112582794,0.24965802980212423,0.7503419701978757,0.784536777545215,-0.784536777545215,1.0,0.0,0,none
1774738822.157,1507751,stressed,politics,official_election_reporting,0.55,2768376.9243867397,12270106.82296916,0.06,0.07,0.93,0.94,0.065,0.935,1538.4615384615397,106.95187165775292,0.06268264652024529,0.9373173534797546,0.5867929553862526,-0.5867929553862526,1.0,0.0,0,none
1774738823.112,566188,stressed,general,manual_review_required,0.2,5101176.308487654,9683414.576694973,0.11,0.12,0.88,0.89,0.11499999999999999,0.885,869.565217391304,112.99435028248598,0.1195354107114218,0.8804645892885783,0.2796929309424497,-0.2796929309424497,1.0,0.0,0,none
1774738798.56,566187,calm,general,manual_review_required,0.2,5101175.76965642,8174032.411326508,0.88,0.89,0.11,0.12,0.885,0.11499999999999999,112.99435028248598,869.565217391304,0.8800025239821809,0.1199974760178191,-0.11188972074089942,0.11188972074089942,1.0,0.0,0,none
1774738805.361,566136,stressed,general,manual_review_required,0.2,5446775.374517918,4810463.825276987,0.12,0.13,0.87,0.88,0.125,0.875,800.0000000000007,114.28571428571439,0.121629242207115,0.8783707577928851,-0.009142679422687715,0.009142679422687715,1.0,0.0,0,none
1774738797.0,566137,stressed,general,manual_review_required,0.2,5446775.036883354,3190224.7267860086,0.07,0.08,0.92,0.93,0.07500000000000001,0.925,1333.3333333333326,108.1081081081082,0.0735033261048058,0.9264966738951943,0.02969738335559364,-0.02969738335559364,1.0,0.0,0,none
1774738876.28,1753632,one_sided,sports,official_sports_feed,0.6,79414.29174017906,250681.85054300047,0.33,0.34,0.66,0.67,0.335,0.665,298.5074626865674,150.3759398496242,0.33983178068032555,0.6601682193196744,0.9216972863763222,-0.9216972863763222,1.0,0.0,0,none
1774738885.923,1766132,one_sided,sports,official_sports_feed,0.6,1714.0367681980133,678654.2526560001,0.48,0.49,0.51,0.52,0.485,0.515,206.18556701030948,194.17475728155355,0.48031356118548324,0.5196864388145167,-0.926306002251227,0.926009175831243,1.0,0.0,0,none
1774738886.024,1760296,calm,sports,official_sports_feed,0.6,6453.774123430252,344629.8291259998,0.5,0.51,0.49,0.5,0.505,0.495,198.0198019801982,202.02020202020222,0.5086309350853362,0.49136906491466387,0.09246075103542947,-0.09246075103542947,1.0,0.0,0,none
1774738886.415,1476618,calm,sports,official_sports_feed,0.6,3513.510518312454,532452.4496839994,0.46,0.47,0.53,0.54,0.46499999999999997,0.535,215.05376344085923,186.91588785046744,0.4647347027403963,0.5352652972596037,0.5492640845097958,-0.5492375643313865,1.0,0.0,0,none
1774738885.72,1752364,one_sided,sports,official_sports_feed,0.6,1713.2076215744019,250316.24804200017,0.45,0.46,0.54,0.55,0.455,0.545,219.78021978021997,183.48623853211024,0.4500018669778296,0.5499981330221705,-0.906573917233129,0.906573917233129,1.0,0.0,0,none
1774738886.852,1739838,stressed,sports,official_sports_feed,0.6,6452.950539112091,4919976.730527987,0.28,0.29,0.71,0.72,0.28500000000000003,0.715,350.87719298245446,139.86013986014,0.28920453911790783,0.710795460882092,-0.39615495381924243,0.39615495381924243,1.0,0.0,0,none
1774738886.046,1753593,stressed,sports,official_sports_feed,0.6,61112.6707239151,449878.0523220001,0.24,0.25,0.75,0.76,0.245,0.755,408.1632653061228,132.45033112582794,0.24966807857967685,0.7503319214203232,0.7873691945017648,-0.7873691945017648,1.0,0.0,0,none
1774738886.968,1507751,stressed,politics,official_election_reporting,0.55,2768312.3981084824,12270106.82296916,0.06,0.07,0.93,0.94,0.065,0.935,1538.4615384615397,106.95187165775292,0.06268264652024529,0.9373173534797546,0.5867907221220976,-0.5867907221220976,1.0,0.0,0,none
1774738883.127,566188,stressed,general,manual_review_required,0.2,5101112.097870111,9683414.576694973,0.11,0.12,0.88,0.89,0.11499999999999999,0.885,869.565217391304,112.99435028248598,0.1195354107114218,0.8804645892885783,0.2796929309424497,-0.2796929309424497,1.0,0.0,0,none
1774738853.757,566187,calm,general,manual_review_required,0.2,5101111.841322184,8174032.411326508,0.88,0.89,0.11,0.12,0.885,0.11499999999999999,112.99435028248598,869.565217391304,0.8800025239821809,0.1199974760178191,-0.11188972074089942,0.11188972074089942,1.0,0.0,0,none
1774738876.36,566136,stressed,general,manual_review_required,0.2,5446711.539897203,4810463.825276987,0.12,0.13,0.87,0.88,0.125,0.875,800.0000000000007,114.28571428571439,0.121629242207115,0.8783707577928851,-0.009177359169135625,0.009177359169135625,1.0,0.0,0,none
1774738863.515,566137,stressed,general,manual_review_required,0.2,5446711.259302855,3190224.7267860086,0.07,0.08,0.92,0.93,0.07500000000000001,0.925,1333.3333333333326,108.1081081081082,0.0735033261048058,0.9264966738951943,0.029437711826377198,-0.029437711826377198,1.0,0.0,0,none
1774738943.078,1753632,one_sided,sports,official_sports_feed,0.6,79350.64455842972,250681.85054300047,0.33,0.34,0.66,0.67,0.335,0.665,298.5074626865674,150.3759398496242,0.3398330083917249,0.6601669916082751,0.922233564990142,-0.922233564990142,1.0,0.0,0,none
1774738949.209,1766132,one_sided,sports,official_sports_feed,0.6,1650.3412072658539,678654.2526560001,0.47,0.48,0.52,0.53,0.475,0.525,210.5263157894739,190.47619047619062,0.4700848577905729,0.5299151422094271,-0.9464277433277395,0.9464277433277395,1.0,0.0,0,none
1774738949.856,1760296,calm,sports,official_sports_feed,0.6,6389.980016708374,344629.8291259998,0.5,0.51,0.49,0.5,0.505,0.495,198.0198019801982,202.02020202020222,0.5086354568271222,0.4913644892991976,0.09228851581264784,-0.09229357076966681,1.0,0.0,0,none
1774738949.527,1476618,calm,sports,official_sports_feed,0.6,3449.6918382644653,532452.4496839994,0.46,0.47,0.53,0.54,0.46499999999999997,0.535,215.05376344085923,186.91588785046744,0.4632146900622606,0.5367853099377394,0.5565826153717692,-0.5565826153717692,1.0,0.0,0,none
1774738935.46,1752364,stressed,sports,official_sports_feed,0.6,1649.4402310848236,250316.24804200017,0.44,0.46,0.54,0.56,0.45,0.55,444.4444444444448,363.6363636363639,0.44367937374748795,0.556320626252512,-0.8826664426009363,0.8826664426009363,1.0,0.0,0,none
1774738950.622,1739838,stressed,sports,official_sports_feed,0.6,6389.172520399094,4919976.730527987,0.28,0.29,0.71,0.72,0.28500000000000003,0.715,350.87719298245446,139.86013986014,0.28913119311340174,0.710868806886598,-0.3973104934564539,0.3973104934564539,1.0,0.0,0,none
1774738950.242,1753593,stressed,sports,official_sports_feed,0.6,61048.85742497444,449878.0523220001,0.24,0.25,0.75,0.76,0.245,0.755,408.1632653061228,132.45033112582794,0.24967077446663355,0.7503292255333666,0.7889436739098443,-0.7889436739098443,1.0,0.0,0,none
1774738950.946,1507751,stressed,politics,official_election_reporting,0.55,2768248.5244185925,12270106.82296916,0.06,0.07,0.93,0.94,0.065,0.935,1538.4615384615397,106.95187165775292,0.06268405496901978,0.93731594503098,0.5867978192259542,-0.5867978192259542,1.0,0.0,0,none
1774738945.816,566188,stressed,general,manual_review_required,0.2,5101048.247683525,9683414.576694973,0.11,0.12,0.88,0.89,0.11499999999999999,0.885,869.565217391304,112.99435028248598,0.1195354107114218,0.8804645892885783,0.2796929309424497,-0.2796929309424497,1.0,0.0,0,none
1774738939.71,566187,calm,general,manual_review_required,0.2,5101047.987160921,8174032.411326508,0.88,0.89,0.11,0.12,0.885,0.11499999999999999,112.99435028248598,869.565217391304,0.8800025239821809,0.1199974760178191,-0.11188972074089942,0.11188972074089942,1.0,0.0,0,none
1774738876.36,566136,stressed,general,manual_review_required,0.2,5446647.72029686,4810463.825276987,0.12,0.13,0.87,0.88,0.125,0.875,800.0000000000007,114.28571428571439,0.121629242207115,0.8783707577928851,-0.009177359169135625,0.009177359169135625,1.0,0.0,0,none
1774738924.0,566137,stressed,general,manual_review_required,0.2,5446647.454277515,3190224.7267860086,0.07,0.08,0.92,0.93,0.07500000000000001,0.925,1333.3333333333326,108.1081081081082,0.0735033261048058,0.9264966738951943,0.02969738335559364,-0.02969738335559364,1.0,0.0,0,none
1774739002.813,1753632,one_sided,sports,official_sports_feed,0.6,79286.92269206047,250681.85054300047,0.33,0.34,0.66,0.67,0.335,0.665,298.5074626865674,150.3759398496242,0.3398288336366603,0.6601711663633398,0.9203889215638659,-0.9203889215638659,1.0,0.0,0,none
1774739013.243,1766132,one_sided,sports,official_sports_feed,0.6,1586.683473110199,678654.2526560001,0.47,0.48,0.52,0.53,0.475,0.525,210.5263157894739,190.47619047619062,0.4701044059672316,0.5298955940327685,-0.945224280675288,0.945205589210193,1.0,0.0,0,none
1774739012.592,1760296,calm,sports,official_sports_feed,0.6,6326.394816398621,344629.8291259998,0.5,0.51,0.49,0.5,0.505,0.495,198.0198019801982,202.02020202020222,0.508628643189753,0.491371356810247,0.09193187503522991,-0.09193187503522991,1.0,0.0,0,none
1774739013.055,1476618,calm,sports,official_sports_feed,0.6,3386.1366109848022,532452.4496839994,0.46,0.47,0.53,0.54,0.46499999999999997,0.535,215.05376344085923,186.91588785046744,0.46113238970560777,0.5388676102943922,0.4627357904065466,-0.4627357904065466,1.0,0.0,0,none
1774739014.001,1752364,stressed,sports,official_sports_feed,0.6,1585.8529822826385,250316.24804200017,0.44,0.46,0.54,0.56,0.45,0.55,444.4444444444448,363.6363636363639,0.44277500028895017,0.55722499971105,-0.8855118122119516,0.8855323095796552,1.0,0.0,0,none
1774739012.891,1739838,stressed,sports,official_sports_feed,0.6,6325.573534250259,4919976.730527987,0.28,0.29,0.71,0.72,0.28500000000000003,0.715,350.87719298245446,139.86013986014,0.28913108028756235,0.7108689197124376,-0.3981921897158342,0.3981921897158342,1.0,0.0,0,none
1774739013.398,1753593,stressed,sports,official_sports_feed,0.6,60985.32813167572,449878.0523220001,0.24,0.25,0.75,0.76,0.245,0.755,408.1632653061228,132.45033112582794,0.24966804996452452,0.7503319500354755,0.7873517096403589,-0.7873517096403589,1.0,0.0,0,none
1774739014.715,1507751,stressed,politics,official_election_reporting,0.55,2768185.0782921314,12270106.82296916,0.06,0.07,0.93,0.94,0.065,0.935,1538.4615384615397,106.95187165775292,0.06268405496901978,0.93731594503098,0.5867981412293138,-0.5867981412293138,1.0,0.0,0,none
1774739009.165,566188,stressed,general,manual_review_required,0.2,5100984.834521294,9683414.576694973,0.11,0.12,0.88,0.89,0.11499999999999999,0.885,869.565217391304,112.99435028248598,0.1195354107114218,0.8804645892885783,0.27971885483527403,-0.27971885483527403,1.0,0.0,0,none
1774739003.277,566187,calm,general,manual_review_required,0.2,5100984.551301956,8174032.411326508,0.88,0.89,0.11,0.12,0.885,0.11499999999999999,112.99435028248598,869.565217391304,0.8800025239821809,0.1199974760178191,-0.11202726160827157,0.11202726160827157,1.0,0.0,0,none
1774738876.36,566136,stressed,general,manual_review_required,0.2,5446584.265094042,4810463.825276987,0.12,0.13,0.87,0.88,0.125,0.875,800.0000000000007,114.28571428571439,0.121629242207115,0.8783707577928851,-0.009177359169135625,0.009177359169135625,1.0,0.0,0,none
1774738989.916,566137,stressed,general,manual_review_required,0.2,5446583.985614538,3190224.7267860086,0.07,0.08,0.92,0.93,0.07500000000000001,0.925,1333.3333333333326,108.1081081081082,0.0735033261048058,0.9264966738951943,0.029437711826377198,-0.029437711826377198,1.0,0.0,0,none
1774739075.626,1753632,one_sided,sports,official_sports_feed,0.6,79223.47320508957,250768.2421100005,0.33,0.34,0.66,0.67,0.335,0.665,298.5074626865674,150.3759398496242,0.33982925911054784,0.6601707408894523,0.9205070453270412,-0.9205070453270412,1.0,0.0,0,none
1774739069.996,1766132,one_sided,sports,official_sports_feed,0.6,1523.232656955719,810231.9089350001,0.47,0.48,0.52,0.53,0.475,0.525,210.5263157894739,190.47619047619062,0.4724287132448213,0.5275712867551787,-0.8711934938691245,0.8711934938691245,1.0,0.0,0,none
1774739072.295,1476618,calm,sports,official_sports_feed,0.6,3322.943068742752,589194.9461109991,0.45,0.46,0.54,0.55,0.455,0.545,219.78021978021997,183.48623853211024,0.4594572519976128,0.5405427480023872,0.545250829958949,-0.545250829958949,1.0,0.0,0,none
1774739072.636,1760296,calm,sports,official_sports_feed,0.6,6262.674583435059,346632.7703009998,0.5,0.51,0.49,0.5,0.505,0.495,198.0198019801982,202.02020202020222,0.508628643189753,0.491371356810247,0.0920889807143554,-0.0920889807143554,1.0,0.0,0,none
1774739071.185,1752364,stressed,sports,official_sports_feed,0.6,1522.4186472892761,434862.6358930001,0.44,0.46,0.54,0.56,0.45,0.55,444.4444444444448,363.6363636363639,0.4427983074579652,0.5572016925420349,-0.9518641177934978,0.9518641177934978,1.0,0.0,0,none
1774739067.416,1739838,stressed,sports,official_sports_feed,0.6,6262.150996685028,4922771.1481449865,0.28,0.29,0.71,0.72,0.28500000000000003,0.715,350.87719298245446,139.86013986014,0.28913117519019327,0.7108688248098067,-0.404063048913482,0.404063048913482,1.0,0.0,0,none
1774739074.352,1753593,stressed,sports,official_sports_feed,0.6,60921.87027192116,449878.0523220001,0.24,0.25,0.75,0.76,0.245,0.755,408.1632653061228,132.45033112582794,0.24967447199956247,0.7503255280004375,0.7911603875690771,-0.7911603875690771,1.0,0.0,0,none
1774739077.904,1507751,stressed,politics,official_election_reporting,0.55,2768121.588189602,12270106.82296916,0.06,0.07,0.93,0.94,0.065,0.935,1538.4615384615397,106.95187165775292,0.06268405496901978,0.93731594503098,0.5852624207045096,-0.5852624207045096,1.0,0.0,0,none
1774739078.251,566188,stressed,general,manual_review_required,0.2,5100921.277982712,9683414.576694973,0.11,0.12,0.88,0.89,0.11499999999999999,0.885,869.565217391304,112.99435028248598,0.1195354107114218,0.8804645892885783,0.2795980536209665,-0.2795980536209665,1.0,0.0,0,none
1774739063.548,566187,calm,general,manual_review_required,0.2,5100920.935414314,8174032.411326508,0.88,0.89,0.11,0.12,0.885,0.11499999999999999,112.99435028248598,869.565217391304,0.8800025239821809,0.1199974760178191,-0.11194286672196213,0.11194286672196213,1.0,0.0,0,none
1774739050.0,566137,stressed,general,manual_review_required,0.2,5446520.624873161,3190224.7267860086,0.07,0.08,0.92,0.93,0.07500000000000001,0.925,1333.3333333333326,108.1081081081082,0.0735033261048058,0.9264966738951943,0.02969738335559364,-0.02969738335559364,1.0,0.0,0,none
1774739139.516,1753632,one_sided,sports,official_sports_feed,0.6,79160.0270652771,250768.2421100005,0.33,0.34,0.66,0.67,0.335,0.665,298.5074626865674,150.3759398496242,0.3398285058818926,0.6601714941181074,0.9202475502409632,-0.9202475502409632,1.0,0.0,0,none
1774739133.844,1766132,one_sided,sports,official_sports_feed,0.6,1459.7497458457947,810231.9089350001,0.47,0.48,0.52,0.53,0.475,0.525,210.5263157894739,190.47619047619062,0.4702323098285959,0.5297676901714042,-0.9338282882225176,0.9338282882225176,1.0,0.0,0,none
1774739130.259,1476618,calm,sports,official_sports_feed,0.6,3259.2910718917847,589194.9461109991,0.45,0.46,0.54,0.55,0.455,0.545,219.78021978021997,183.48623853211024,0.4594186474274001,0.5405813525726,0.5279903679648572,-0.5279903679648572,1.0,0.0,0,none
1774739133.794,1760296,calm,sports,official_sports_feed,0.6,6199.018481254578,346632.7703009998,0.5,0.51,0.49,0.5,0.505,0.495,198.0198019801982,202.02020202020222,0.508628643189753,0.491371356810247,0.0920887789274732,-0.0920887789274732,1.0,0.0,0,none
1774739120.141,1752364,stressed,sports,official_sports_feed,0.6,1458.7531945705414,434862.6358930001,0.44,0.46,0.54,0.56,0.45,0.55,444.4444444444448,363.6363636363639,0.4427995272683542,0.5572004727316459,-0.9518622060422588,0.9518622060422588,1.0,0.0,0,none
1774739140.896,1739838,stressed,sports,official_sports_feed,0.6,6198.478941202164,4922771.1481449865,0.28,0.29,0.71,0.72,0.28500000000000003,0.715,350.87719298245446,139.86013986014,0.28912740017767236,0.7108725998223276,-0.3981995837703472,0.3981995837703472,1.0,0.0,0,none
1774739140.528,1753593,stressed,sports,official_sports_feed,0.6,60858.23004078865,449878.0523220001,0.24,0.25,0.75,0.76,0.245,0.755,408.1632653061228,132.45033112582794,0.24968542538480828,0.7503145746151916,0.797555614000682,-0.797555614000682,1.0,0.0,0,none
1774739141.814,1507751,stressed,politics,official_election_reporting,0.55,2768057.9238712788,12270106.82296916,0.06,0.07,0.93,0.94,0.065,0.935,1538.4615384615397,106.95187165775292,0.06268304378222694,0.9373169562177731,0.5868909099026579,-0.5868909099026579,1.0,0.0,0,none
1774739141.858,566188,stressed,general,manual_review_required,0.2,5100857.650840521,9683414.576694973,0.11,0.12,0.88,0.89,0.11499999999999999,0.885,869.565217391304,112.99435028248598,0.1195354107114218,0.8804645892885783,0.2796953626322645,-0.2796953626322645,1.0,0.0,0,none
1774739129.878,566187,calm,general,manual_review_required,0.2,5100857.382039547,8174032.411326508,0.88,0.89,0.11,0.12,0.885,0.11499999999999999,112.99435028248598,869.565217391304,0.8800025239821809,0.1199974760178191,-0.11205593854334273,0.11205593854334273,1.0,0.0,0,none
1774739116.385,566137,stressed,general,manual_review_required,0.2,5446457.1218853,3190224.7267860086,0.07,0.08,0.92,0.93,0.07500000000000001,0.925,1333.3333333333326,108.1081081081082,0.0735033261048058,0.9264966738951943,0.029437711826377198,-0.029437711826377198,1.0,0.0,0,none
1774739201.483,1753632,one_sided,sports,official_sports_feed,0.6,79096.49955368042,250768.2421100005,0.33,0.34,0.66,0.67,0.335,0.665,298.5074626865674,150.3759398496242,0.33982807687776456,0.6601719231222355,0.9200580012207472,-0.9200580012207472,1.0,0.0,0,none
1774739201.366,1766132,one_sided,sports,official_sports_feed,0.6,1396.2275879383087,810231.9089350001,0.47,0.48,0.52,0.53,0.475,0.525,210.5263157894739,190.47619047619062,0.4702348064618621,0.5297651935381379,-0.9333237837227225,0.9333237837227225,1.0,0.0,0,none
1774739203.571,1476618,calm,sports,official_sports_feed,0.6,3195.9341979026794,589194.9461109991,0.45,0.46,0.54,0.55,0.455,0.545,219.78021978021997,183.48623853211024,0.4599998203802795,0.5400001796197207,0.590774439638772,-0.590774439638772,1.0,0.0,0,none
1774739195.567,1760296,calm,sports,official_sports_feed,0.6,6135.6400718688965,346632.7703009998,0.5,0.51,0.49,0.5,0.505,0.495,198.0198019801982,202.02020202020222,0.5085939631672823,0.4914060368327176,0.09199594987034067,-0.09199594987034067,1.0,0.0,0,none
1774739203.222,1752364,stressed,sports,official_sports_feed,0.6,1395.3594045639038,434862.6358930001,0.44,0.46,0.54,0.56,0.45,0.55,444.4444444444448,363.6363636363639,0.4428193252656439,0.5571806747343561,-0.951727259793648,0.951727259793648,1.0,0.0,0,none
1774739204.885,1739838,stressed,sports,official_sports_feed,0.6,6135.081791400909,4922771.1481449865,0.28,0.29,0.71,0.72,0.28500000000000003,0.715,350.87719298245446,139.86013986014,0.28912739889796857,0.7108726043833403,-0.40450628519372855,0.40450755762106844,1.0,0.0,0,none
1774739202.251,1753593,stressed,sports,official_sports_feed,0.6,60794.82790637016,449878.0523220001,0.24,0.25,0.75,0.76,0.245,0.755,408.1632653061228,132.45033112582794,0.24967474416124738,0.7503252558387525,0.7922649871197226,-0.7922649871197226,1.0,0.0,0,none
1774739205.39,1507751,stressed,politics,official_election_reporting,0.55,2767994.5652804375,12270106.82296916,0.06,0.07,0.93,0.94,0.065,0.935,1538.4615384615397,106.95187165775292,0.06268225235443865,0.9373177476455613,0.5869409722270983,-0.5869409722270983,1.0,0.0,0,none
1774739204.642,566188,stressed,general,manual_review_required,0.2,5100794.275583506,9683414.576694973,0.11,0.12,0.88,0.89,0.11499999999999999,0.885,869.565217391304,112.99435028248598,0.1195354107114218,0.8804645892885783,0.2799081167078827,-0.2799081167078827,1.0,0.0,0,none
1774739174.013,566187,calm,general,manual_review_required,0.2,5100793.973905563,8174032.411326508,0.88,0.89,0.11,0.12,0.885,0.11499999999999999,112.99435028248598,869.565217391304,0.8800025239821809,0.1199974760178191,-0.11216768726820774,0.11216768726820774,1.0,0.0,0,none
1774739177.0,566137,stressed,general,manual_review_required,0.2,5446393.655795097,3190224.7267860086,0.07,0.08,0.92,0.93,0.07500000000000001,0.925,1333.3333333333326,108.1081081081082,0.0735033261048058,0.9264966738951943,0.02969738335559364,-0.02969738335559364,1.0,0.0,0,none
1774739260.857,1753632,one_sided,sports,official_sports_feed,0.6,79033.12181448936,250768.2421100005,0.33,0.34,0.66,0.67,0.335,0.665,298.5074626865674,150.3759398496242,0.3398366528465977,0.6601633471534025,0.9238445337790979,-0.9238445337790979,1.0,0.0,0,none
1774739267.101,1766132,one_sided,sports,official_sports_feed,0.6,1332.867514848709,839804.7442259999,0.47,0.48,0.52,0.53,0.475,0.525,210.5263157894739,190.47619047619062,0.4702527243995863,0.5297472756004137,-0.9328190613429052,0.9327958698572821,1.0,0.0,0,none
1774739252.851,1476618,calm,sports,official_sports_feed,0.6,3132.6019294261932,629642.6003059992,0.45,0.46,0.54,0.55,0.455,0.545,219.78021978021997,183.48623853211024,0.45951191472346486,0.5404880852765352,0.5515939414790495,-0.5515939414790495,1.0,0.0,0,none
1774739264.696,1760296,calm,sports,official_sports_feed,0.6,6072.349676370621,347036.7703009998,0.5,0.51,0.49,0.5,0.505,0.495,198.0198019801982,202.02020202020222,0.5084939474647426,0.4915060525352573,0.08386140328949666,-0.08386140328949666,1.0,0.0,0,none
1774739263.187,1739838,stressed,sports,official_sports_feed,0.6,6072.089064121246,4923298.015946985,0.28,0.29,0.71,0.72,0.28500000000000003,0.715,350.87719298245446,139.86013986014,0.289127367101046,0.710872632898954,-0.39791973438660905,0.39791973438660905,1.0,0.0,0,none
1774739265.453,1753593,stressed,sports,official_sports_feed,0.6,60731.83561825752,449884.6312670001,0.24,0.25,0.75,0.76,0.245,0.755,408.1632653061228,132.45033112582794,0.24966395784259854,0.7503360421574016,0.7859814718365159,-0.7859814718365159,1.0,0.0,0,none
1774739268.407,1507751,stressed,politics,official_election_reporting,0.55,2767931.5547037125,12270106.82296916,0.06,0.07,0.93,0.94,0.065,0.935,1538.4615384615397,106.95187165775292,0.06268202821865083,0.9373179717813491,0.5869411954394195,-0.5869450369315311,1.0,0.0,0,none
1774739267.997,566188,stressed,general,manual_review_required,0.2,5100731.3036112785,9683414.576694973,0.11,0.12,0.88,0.89,0.11499999999999999,0.885,869.565217391304,112.99435028248598,0.1195354107114218,0.8804645892885783,0.2797277578639487,-0.2797277578639487,1.0,0.0,0,none
1774739265.183,566187,calm,general,manual_review_required,0.2,5100731.054899931,8174032.411326508,0.88,0.89,0.11,0.12,0.885,0.11499999999999999,112.99435028248598,869.565217391304,0.8800025239821809,0.1199974760178191,-0.11204467086381142,0.11204467086381142,1.0,0.0,0,none
1774739181.002,566136,stressed,general,manual_review_required,0.2,5446330.794526815,4810463.825276987,0.12,0.13,0.87,0.88,0.125,0.875,800.0000000000007,114.28571428571439,0.12162910475683042,0.8783708952431698,-0.009177475979890862,0.009177475979890862,1.0,0.0,0,none
1774739243.006,566137,stressed,general,manual_review_required,0.2,5446330.543723345,3190224.7267860086,0.07,0.08,0.92,0.93,0.07500000000000001,0.925,1333.3333333333326,108.1081081081082,0.0735033261048058,0.9264966738951943,0.029437711826377198,-0.029437711826377198,1.0,0.0,0,none
1774739326.534,1753632,one_sided,sports,official_sports_feed,0.6,78969.88143229485,250768.2421100005,0.33,0.34,0.66,0.67,0.335,0.665,298.5074626865674,150.3759398496242,0.3398376503492017,0.6601623496507982,0.9242858999523158,-0.9242858999523158,1.0,0.0,0,none
1774739326.553,1766132,one_sided,sports,official_sports_feed,0.6,1269.6305239200592,839804.7442259999,0.47,0.48,0.52,0.53,0.475,0.525,210.5263157894739,190.47619047619062,0.47022105485440185,0.5297789451455981,-0.9324653399127971,0.9324653399127971,1.0,0.0,0,none
1774739329.702,1476618,calm,sports,official_sports_feed,0.6,3069.3766238689423,629642.6003059992,0.45,0.46,0.54,0.55,0.455,0.545,219.78021978021997,183.48623853211024,0.4594756473713412,0.5405243526286588,0.541960334732357,-0.541960334732357,1.0,0.0,0,none
1774739320.722,1760296,calm,sports,official_sports_feed,0.6,6009.122135400772,347036.7703009998,0.5,0.51,0.49,0.5,0.505,0.495,198.0198019801982,202.02020202020222,0.5084939474647426,0.4915060525352573,0.08385865015010932,-0.08385865015010932,1.0,0.0,0,none
1774739323.229,1739838,stressed,sports,official_sports_feed,0.6,6008.855142116547,4923298.015946985,0.28,0.29,0.71,0.72,0.28500000000000003,0.715,350.87719298245446,139.86013986014,0.289127367101046,0.710872632898954,-0.39787666200190175,0.39787666200190175,1.0,0.0,0,none
1774739329.621,1753593,stressed,sports,official_sports_feed,0.6,60668.5977768898,449884.6312670001,0.24,0.25,0.75,0.76,0.245,0.755,408.1632653061228,132.45033112582794,0.24966109124021504,0.750338908759785,0.7832904389119987,-0.7832904389119987,1.0,0.0,0,none
1774739331.238,1507751,stressed,politics,official_election_reporting,0.55,2767868.331174135,12270106.82296916,0.06,0.07,0.93,0.94,0.065,0.935,1538.4615384615397,106.95187165775292,0.06267941891160851,0.9373205810883914,0.5870530203678205,-0.5870530203678205,1.0,0.0,0,none
1774739331.42,566188,stressed,general,manual_review_required,0.2,5100668.059989929,9683414.576694973,0.11,0.12,0.88,0.89,0.11499999999999999,0.885,869.565217391304,112.99435028248598,0.1195354107114218,0.8804645892885783,0.2797097601336348,-0.2797097601336348,1.0,0.0,0,none
1774739317.049,566187,calm,general,manual_review_required,0.2,5100667.816474676,8174032.411326508,0.88,0.89,0.11,0.12,0.885,0.11499999999999999,112.99435028248598,869.565217391304,0.8800025236859804,0.11999747631401961,-0.11205370488510366,0.11205370488510366,1.0,0.0,0,none
1774739283.648,566136,stressed,general,manual_review_required,0.2,5446267.569020271,4810463.825276987,0.12,0.13,0.87,0.88,0.125,0.875,800.0000000000007,114.28571428571439,0.12162910475683042,0.8783708952431698,-0.009177475979890862,0.009177475979890862,1.0,0.0,0,none
1774739303.0,566137,stressed,general,manual_review_required,0.2,5446267.326858997,3190224.7267860086,0.07,0.08,0.92,0.93,0.07500000000000001,0.925,1333.3333333333326,108.1081081081082,0.0735033261048058,0.9264966738951943,0.02969738335559364,-0.02969738335559364,1.0,0.0,0,none
1774739380.749,1753632,one_sided,sports,official_sports_feed,0.6,78906.84139037132,250768.2421100005,0.33,0.34,0.66,0.67,0.335,0.665,298.5074626865674,150.3759398496242,0.3398274524748889,0.6601725475251111,0.9197680884153966,-0.9197680884153966,1.0,0.0,0,none
1774739387.001,1766132,one_sided,sports,official_sports_feed,0.6,1206.540743112564,839804.7442259999,0.47,0.48,0.52,0.53,0.475,0.525,210.5263157894739,190.47619047619062,0.4702589009726659,0.5297410990273341,-0.9316158560131094,0.9316158560131094,1.0,0.0,0,none
1774739390.623,1476618,calm,sports,official_sports_feed,0.6,3006.2495815753937,629642.6003059992,0.45,0.46,0.54,0.55,0.455,0.545,219.78021978021997,183.48623853211024,0.4599992472899132,0.5400007527100869,0.5987751759854948,-0.5987751759854948,1.0,0.0,0,none
1774739381.642,1760296,calm,sports,official_sports_feed,0.6,5945.961834430695,347036.7703009998,0.5,0.51,0.49,0.5,0.505,0.495,198.0198019801982,202.02020202020222,0.5084939474647426,0.4915060525352573,0.08385848541252716,-0.08385848541252716,1.0,0.0,0,none
1774739391.652,1739838,stressed,sports,official_sports_feed,0.6,5945.6783101558685,4923298.015946985,0.28,0.29,0.71,0.72,0.28500000000000003,0.715,350.87719298245446,139.86013986014,0.2890911138502724,0.7109088861497275,-0.4016043855659148,0.4016043855659148,1.0,0.0,0,none
1774739394.432,1753593,stressed,sports,official_sports_feed,0.6,60605.43272781372,449884.6312670001,0.24,0.25,0.75,0.76,0.245,0.755,408.1632653061228,132.45033112582794,0.24965820581744827,0.7503415914887671,0.7816112745583303,-0.7816453032043005,1.0,0.0,0,none
1774739394.767,1507751,stressed,politics,official_election_reporting,0.55,2767805.173050642,12270106.82296916,0.06,0.07,0.93,0.94,0.065,0.935,1538.4615384615397,106.95187165775292,0.06268015716144713,0.937319842838553,0.5854147223129733,-0.5854147223129733,1.0,0.0,0,none
1774739394.442,566188,stressed,general,manual_review_required,0.2,5100604.922579527,9683414.576694973,0.11,0.12,0.88,0.89,0.11499999999999999,0.885,869.565217391304,112.99435028248598,0.1195354107114218,0.8804645892885783,0.2798046187335372,-0.2798046187335372,1.0,0.0,0,none
1774739394.645,566187,calm,general,manual_review_required,0.2,5100604.661778688,8174032.411326508,0.88,0.89,0.11,0.12,0.885,0.11499999999999999,112.99435028248598,869.565217391304,0.8800025236859804,0.11999747631401961,-0.11206463443269232,0.11206463443269232,1.0,0.0,0,none
1774739373.463,566136,stressed,general,manual_review_required,0.2,5446204.384632349,4810463.825276987,0.12,0.13,0.87,0.88,0.125,0.875,800.0000000000007,114.28571428571439,0.12162910475683042,0.8783708952431698,-0.008950761834170935,0.008950761834170935,1.0,0.0,0,none
1774739373.448,566137,stressed,general,manual_review_required,0.2,5446204.1221625805,3190224.7267860086,0.07,0.08,0.92,0.93,0.07500000000000001,0.925,1333.3333333333326,108.1081081081082,0.0735033261048058,0.9264966738951943,0.029578058549406226,-0.029578058549406226,1.0,0.0,0,none
1774739456.223,1753632,one_sided,sports,official_sports_feed,0.6,78843.33408522606,250768.2421100005,0.33,0.34,0.66,0.67,0.335,0.665,298.5074626865674,150.3759398496242,0.3398248114329465,0.6601751885670535,0.9186059645815283,-0.9186059645815283,1.0,0.0,0,none
1774739456.733,1766132,one_sided,sports,official_sports_feed,0.6,1143.063411951065,842853.2375549998,0.47,0.48,0.52,0.53,0.475,0.525,210.5263157894739,190.47619047619062,0.47024819137421586,0.5297518086257842,-0.932246667144137,0.932246667144137,1.0,0.0,0,none
1774739457.1,1476618,calm,sports,official_sports_feed,0.6,2942.7324907779694,655105.2137819992,0.45,0.46,0.54,0.55,0.455,0.545,219.78021978021997,183.48623853211024,0.459498412615486,0.5405015517564625,0.5333718320141299,-0.5333877399150202,1.0,0.0,0,none
1774739442.779,1760296,calm,sports,official_sports_feed,0.6,5882.407962799072,347245.7303009998,0.5,0.51,0.49,0.5,0.505,0.495,198.0198019801982,202.02020202020222,0.5084939474647426,0.4915060525352573,0.08385833097099006,-0.08385833097099006,1.0,0.0,0,none
1774739452.497,1739838,stressed,sports,official_sports_feed,0.6,5881.916911125183,4923304.960388985,0.28,0.29,0.71,0.72,0.28500000000000003,0.715,350.87719298245446,139.86013986014,0.28900139372719,0.71099860627281,-0.4099540750562638,0.4099540750562638,1.0,0.0,0,none
1774739458.164,1753593,stressed,sports,official_sports_feed,0.6,60541.62787079811,449884.6312670001,0.24,0.25,0.75,0.76,0.245,0.755,408.1632653061228,132.45033112582794,0.24965814747719742,0.7503418525228026,0.7815778966677006,-0.7815778966677006,1.0,0.0,0,none
1774739458.393,1507751,stressed,politics,official_election_reporting,0.55,2767741.353374243,12270106.82296916,0.06,0.07,0.93,0.94,0.065,0.935,1538.4615384615397,106.95187165775292,0.06268068883919574,0.9373193111608041,0.5871533751863246,-0.5871533751863246,1.0,0.0,0,none
1774739457.236,566188,stressed,general,manual_review_required,0.2,5100541.030640125,9683414.576694973,0.11,0.12,0.88,0.89,0.11499999999999999,0.885,869.565217391304,112.99435028248598,0.11953629683593141,0.8804637031640686,0.279811598672094,-0.279811598672094,1.0,0.0,0,none
1774739446.986,566187,calm,general,manual_review_required,0.2,5100540.753440142,8174032.411326508,0.88,0.89,0.11,0.12,0.885,0.11499999999999999,112.99435028248598,869.565217391304,0.8800025236859804,0.11999747631401961,-0.11195836425241222,0.11195836425241222,1.0,0.0,0,none
1774739430.0,566137,stressed,general,manual_review_required,0.2,5446140.442926884,3190224.7267860086,0.07,0.08,0.92,0.93,0.07500000000000001,0.925,1333.3333333333326,108.1081081081082,0.0735033261048058,0.9264966738951943,0.02983780089617622,-0.02983780089617622,1.0,0.0,0,none
1774739519.634,1753632,one_sided,sports,official_sports_feed,0.6,78779.91761898994,250768.2421100005,0.33,0.34,0.66,0.67,0.335,0.665,298.5074626865674,150.3759398496242,0.33982481183963464,0.6601751881603654,0.918602601944047,-0.918602601944047,1.0,0.0,0,none
1774739520.141,1766132,one_sided,sports,official_sports_feed,0.6,1079.660122871399,842853.2375549998,0.47,0.48,0.52,0.53,0.475,0.525,210.5263157894739,190.47619047619062,0.4701591657106354,0.5298408342893647,-0.9339320084952079,0.9339320084952079,1.0,0.0,0,none
1774739517.859,1476618,calm,sports,official_sports_feed,0.6,2879.3703730106354,655105.2137819992,0.45,0.46,0.54,0.55,0.455,0.545,219.78021978021997,183.48623853211024,0.459497458516046,0.5405025414839542,0.5181207159241631,-0.5181207159241631,1.0,0.0,0,none
1774739517.569,1760296,calm,sports,official_sports_feed,0.6,5819.118377447128,347245.7303009998,0.5,0.51,0.49,0.5,0.505,0.495,198.0198019801982,202.02020202020222,0.5092998028137372,0.49070019718626284,0.09616725000856176,-0.09616725000856176,1.0,0.0,0,none
1774739518.249,1739838,stressed,sports,official_sports_feed,0.6,5818.847393035889,4923304.960388985,0.28,0.29,0.71,0.72,0.28500000000000003,0.715,350.87719298245446,139.86013986014,0.28900139372719,0.71099860627281,-0.4099540750562638,0.4099540750562638,1.0,0.0,0,none
1774739521.12,1753593,stressed,sports,official_sports_feed,0.6,60478.61349105835,449884.6312670001,0.24,0.25,0.75,0.76,0.245,0.755,408.1632653061228,132.45033112582794,0.2496582054708423,0.7503417945291577,0.7816109374970716,-0.7816109374970716,1.0,0.0,0,none
1774739521.409,1507751,stressed,politics,official_election_reporting,0.55,2767678.3600161076,12270106.82296916,0.06,0.07,0.93,0.94,0.065,0.935,1538.4615384615397,106.95187165775292,0.06268315582775331,0.9373168441722466,0.5871989399839552,-0.5871989399839552,1.0,0.0,0,none
1774739520.929,566188,stressed,general,manual_review_required,0.2,5100478.030485153,9683414.576694973,0.11,0.12,0.88,0.89,0.11499999999999999,0.885,869.565217391304,112.99435028248598,0.11953658477144923,0.8804634152285509,0.2797717828890917,-0.2797717828890917,1.0,0.0,0,none
1774739516.891,566187,calm,general,manual_review_required,0.2,5100477.632272959,8174032.411326508,0.88,0.89,0.11,0.12,0.885,0.11499999999999999,112.99435028248598,869.565217391304,0.8800025236859804,0.11999747631401961,-0.11194933736969215,0.11194933736969215,1.0,0.0,0,none
1774739495.735,566137,stressed,general,manual_review_required,0.2,5446077.218753099,3190224.7267860086,0.07,0.08,0.92,0.93,0.07500000000000001,0.925,1333.3333333333326,108.1081081081082,0.0735033261048058,0.9264966738951943,0.029578058549406226,-0.029578058549406226,1.0,0.0,0,none
1774739582.024,1753632,one_sided,sports,official_sports_feed,0.6,78716.5417342186,250768.2421100005,0.33,0.34,0.66,0.67,0.335,0.665,298.5074626865674,150.3759398496242,0.33982916911221067,0.6601708308877894,0.9205225802083942,-0.9205225802083942,1.0,0.0,0,none
1774739579.563,1766132,one_sided,sports,official_sports_feed,0.6,1016.2287237644196,842853.2375549998,0.47,0.48,0.52,0.53,0.475,0.525,210.5263157894739,190.47619047619062,0.4701763247875247,0.5298236752124753,-0.9334867965693551,0.9334867965693551,1.0,0.0,0,none
1774739583.929,1476618,calm,sports,official_sports_feed,0.6,2815.933352947235,655105.2137819992,0.45,0.46,0.54,0.55,0.455,0.545,219.78021978021997,183.48623853211024,0.4594996115502325,0.5405008108834026,0.5418445481292534,-0.5418114057179325,1.0,0.0,0,none
1774739568.899,1760296,calm,sports,official_sports_feed,0.6,5755.584361314774,347245.7303009998,0.5,0.51,0.49,0.5,0.505,0.495,198.0198019801982,202.02020202020222,0.5093387178000462,0.49066128219995375,0.09639004889256597,-0.09639004889256597,1.0,0.0,0,none
1774739573.026,1739838,stressed,sports,official_sports_feed,0.6,5755.1576273441315,4923304.960388985,0.28,0.29,0.71,0.72,0.28500000000000003,0.715,350.87719298245446,139.86013986014,0.28900096410440185,0.7109990358955982,-0.41005353600146377,0.41005353600146377,1.0,0.0,0,none
1774739583.772,1753593,stressed,sports,official_sports_feed,0.6,60414.82000589371,449884.6312670001,0.24,0.25,0.75,0.76,0.245,0.755,408.1632653061228,132.45033112582794,0.24965494586789175,0.7503450541321083,0.7797155630029843,-0.7797155630029843,1.0,0.0,0,none
1774739584.665,1507751,stressed,politics,official_election_reporting,0.55,2767614.5279438496,12270106.82296916,0.06,0.07,0.93,0.94,0.065,0.935,1538.4615384615397,106.95187165775292,0.06268412659887532,0.9373158734011248,0.5873279296202182,-0.5873279296202182,1.0,0.0,0,none
1774739582.534,566188,stressed,general,manual_review_required,0.2,5100414.199024677,9683414.576694973,0.11,0.12,0.88,0.89,0.11499999999999999,0.885,869.565217391304,112.99435028248598,0.11953611247880788,0.8804638875211922,0.2796679552698698,-0.2796679552698698,1.0,0.0,0,none
1774739584.516,566187,calm,general,manual_review_required,0.2,5100413.912474394,8174032.411326508,0.88,0.89,0.11,0.12,0.885,0.11499999999999999,112.99435028248598,869.565217391304,0.8800025236859804,0.11999747631401961,-0.11205087922069898,0.11205087922069898,1.0,0.0,0,none
1774739571.401,566137,stressed,general,manual_review_required,0.2,5446013.5677502155,3190224.7267860086,0.07,0.08,0.92,0.93,0.07500000000000001,0.925,1333.3333333333326,108.1081081081082,0.0735033261048058,0.9264966738951943,0.02969738335559364,-0.02969738335559364,1.0,0.0,0,none
1774739646.968,1753632,one_sided,sports,official_sports_feed,0.6,78652.77952051163,250768.2421100005,0.33,0.34,0.66,0.67,0.335,0.665,298.5074626865674,150.3759398496242,0.3398331940504614,0.6601668059495387,0.9223090727350928,-0.9223090727350928,1.0,0.0,0,none
1774739647.184,1766132,one_sided,sports,official_sports_feed,0.6,952.5232963562012,856101.5103939996,0.47,0.48,0.52,0.53,0.475,0.525,210.5263157894739,190.47619047619062,0.4701783277149291,0.5298216722850709,-0.9334268121976044,0.9334268121976044,1.0,0.0,0,none
1774739642.657,1476618,calm,sports,official_sports_feed,0.6,2752.2656230926514,760112.2536749991,0.45,0.46,0.54,0.55,0.455,0.545,219.78021978021997,183.48623853211024,0.4594986628886782,0.5405013371113218,0.541562063625275,-0.541562063625275,1.0,0.0,0,none
1774739629.307,1760296,calm,sports,official_sports_feed,0.6,5691.970946073532,347245.7303009998,0.5,0.51,0.49,0.5,0.505,0.495,198.0198019801982,202.02020202020222,0.5093387178000462,0.49066128219995375,0.09639004889256597,-0.09639004889256597,1.0,0.0,0,none
1774739648.072,1739838,stressed,sports,official_sports_feed,0.6,5691.6837911605835,4923314.680388985,0.28,0.29,0.71,0.72,0.28500000000000003,0.715,350.87719298245446,139.86013986014,0.2890004465752765,0.7109995534247233,-0.41028682177311065,0.41028682177311065,1.0,0.0,0,none
1774739647.508,1753593,stressed,sports,official_sports_feed,0.6,60351.41675949097,449884.6312670001,0.24,0.25,0.75,0.76,0.245,0.755,408.1632653061228,132.45033112582794,0.2496550032648038,0.7503449967351963,0.7797479048340605,-0.7797479048340605,1.0,0.0,0,none
1774739648.181,1507751,stressed,politics,official_election_reporting,0.55,2767551.150669813,12270575.80725316,0.06,0.07,0.93,0.94,0.065,0.935,1538.4615384615397,106.95187165775292,0.06271897062410417,0.9372810293758959,0.5875375973102865,-0.5875375973102865,1.0,0.0,0,none
1774739646.566,566188,stressed,general,manual_review_required,0.2,5100350.857041836,9683443.301331973,0.11,0.12,0.88,0.89,0.11499999999999999,0.885,869.565217391304,112.99435028248598,0.11953747904887839,0.8804625209511215,0.27970141263085574,-0.27970141263085574,1.0,0.0,0,none
1774739622.915,566187,calm,general,manual_review_required,0.2,5100350.584935904,8174032.411326508,0.88,0.89,0.11,0.12,0.885,0.11499999999999999,112.99435028248598,869.565217391304,0.8800025236859804,0.11999747631401961,-0.11205087922069898,0.11205087922069898,1.0,0.0,0,none
1774739645.061,566137,stressed,general,manual_review_required,0.2,5445950.321975231,3190224.7267860086,0.07,0.08,0.92,0.93,0.07500000000000001,0.925,1333.3333333333326,108.1081081081082,0.07349334760442225,0.926506652395578,0.028036346178160865,-0.028036346178160865,1.0,0.0,0,none
1774739697.116,1753632,one_sided,sports,official_sports_feed,0.6,78589.76140475273,250768.2421100005,0.33,0.34,0.66,0.67,0.335,0.665,298.5074626865674,150.3759398496242,0.33982912253428416,0.6601708774657158,0.920506925191983,-0.920506925191983,1.0,0.0,0,none
1774739708.739,1766132,one_sided,sports,official_sports_feed,0.6,889.5035655498505,856101.5103939996,0.47,0.48,0.52,0.53,0.475,0.525,210.5263157894739,190.47619047619062,0.47028477273086805,0.5297152272691319,-0.9320233047641796,0.9320233047641796,1.0,0.0,0,none
1774739709.124,1476618,calm,sports,official_sports_feed,0.6,2689.2294092178345,760112.2536749991,0.45,0.46,0.54,0.55,0.455,0.545,219.78021978021997,183.48623853211024,0.45949831348757997,0.5405016865124201,0.5404049204445215,-0.5404049204445215,1.0,0.0,0,none
1774739691.496,1760296,calm,sports,official_sports_feed,0.6,5628.945592164993,347245.7303009998,0.5,0.51,0.49,0.5,0.505,0.495,198.0198019801982,202.02020202020222,0.5098250724606597,0.49017492753934033,0.11381181418996027,-0.11381181418996027,1.0,0.0,0,none
1774739709.468,1739838,stressed,sports,official_sports_feed,0.6,5628.665019989014,4923314.680388985,0.28,0.29,0.71,0.72,0.28500000000000003,0.715,350.87719298245446,139.86013986014,0.2890004299172907,0.7109995700827092,-0.41029236470435243,0.41029236470435243,1.0,0.0,0,none
1774739711.534,1753593,stressed,sports,official_sports_feed,0.6,60288.374306201935,449884.6312670001,0.24,0.25,0.75,0.76,0.245,0.755,408.1632653061228,132.45033112582794,0.24966117104868984,0.7503388290928801,0.7833343242845471,-0.7833342418314194,1.0,0.0,0,none
1774739711.806,1507751,stressed,politics,official_election_reporting,0.55,2767488.096729994,12270575.80725316,0.06,0.07,0.93,0.94,0.065,0.935,1538.4615384615397,106.95187165775292,0.06271879176060623,0.9372812082393938,0.5891562023844136,-0.5891562023844136,1.0,0.0,0,none
1774739710.224,566188,stressed,general,manual_review_required,0.2,5100287.834500074,9683443.301331973,0.11,0.12,0.88,0.89,0.11499999999999999,0.885,869.565217391304,112.99435028248598,0.11953758294658273,0.8804624170534173,0.27970239508174677,-0.27970239508174677,1.0,0.0,0,none
1774739657.761,566187,calm,general,manual_review_required,0.2,5100287.580720186,8174032.411326508,0.88,0.89,0.11,0.12,0.885,0.11499999999999999,112.99435028248598,869.565217391304,0.8800025236859804,0.11999747631401961,-0.11205087922069898,0.11205087922069898,1.0,0.0,0,none
1774739682.001,566137,stressed,general,manual_review_required,0.2,5445887.31526351,3190224.7267860086,0.07,0.08,0.92,0.93,0.07500000000000001,0.925,1333.3333333333326,108.1081081081082,0.07349334760442225,0.926506652395578,0.028295311121939982,-0.028295311121939982,1.0,0.0,0,none
